time_s,acceleration
0.000,0.094337
0.010,0.143136
0.020,0.141704
0.030,0.125407
0.040,0.154101
0.050,0.184645
0.060,0.195827
0.070,0.148263
0.080,0.108587
0.090,0.068313
0.100,0.121001
0.110,0.119149
0.120,0.112673
0.130,0.079586
0.140,0.080609
0.150,0.130777
0.160,0.180030
0.170,0.179075
0.180,0.152040
0.190,0.132381
0.200,0.114320
0.210,0.113576
0.220,0.107632
0.230,0.030599
0.240,-0.055457
0.250,-0.083892
0.260,-0.083604
0.270,-0.092896
0.280,-0.122728
0.290,-0.141789
0.300,-0.135242
0.310,-0.104013
0.320,-0.054859
0.330,-0.018831
0.340,-0.023324
0.350,-0.038987
0.360,-0.007096
0.370,0.033722
0.380,0.029359
0.390,-0.009832
0.400,-0.040764
0.410,-0.052371
0.420,-0.018706
0.430,-0.016342
0.440,-0.010407
0.450,-0.023589
0.460,-0.015267
0.470,0.063478
0.480,0.138953
0.490,0.166789
0.500,0.192081
0.510,0.187598
0.520,0.211374
0.530,0.244205
0.540,0.253676
0.550,0.187833
0.560,0.147714
0.570,0.113720
0.580,0.088220
0.590,0.106600
0.600,0.068974
0.610,0.033367
0.620,0.001899
0.630,0.030701
0.640,0.073786
0.650,0.073828
0.660,0.066614
0.670,0.036420
0.680,0.046972
0.690,0.055828
0.700,0.064786
0.710,0.008962
0.720,-0.065205
0.730,-0.095889
0.740,-0.092343
0.750,-0.085634
0.760,-0.142709
0.770,-0.153432
0.780,-0.163743
0.790,-0.127135
0.800,-0.073138
0.810,-0.009405
0.820,-0.025049
0.830,0.002452
0.840,0.047882
0.850,0.073307
0.860,0.115549
0.870,0.088817
0.880,0.067602
0.890,0.065997
0.900,0.089128
0.910,0.070271
0.920,0.072334
0.930,0.057161
0.940,0.061034
0.950,0.089002
0.960,0.136019
0.970,0.181235
0.980,0.177709
0.990,0.170569
1.000,0.185529
1.010,0.231990
1.020,0.240152
1.030,0.196271
1.040,0.130524
1.050,0.074042
1.060,0.067189
1.070,0.070886
1.080,0.014811
1.090,-0.058460
1.100,-0.068355
1.110,-0.066671
1.120,-0.016333
1.130,-0.019967
1.140,-0.038794
1.150,-0.063240
1.160,-0.019586
1.170,0.030507
1.180,0.014612
1.190,-0.010139
1.200,-0.046919
1.210,-0.090290
1.220,-0.079902
1.230,-0.070665
1.240,-0.081845
1.250,-0.108053
1.260,-0.131429
1.270,-0.086712
1.280,-0.036803
1.290,0.018475
1.300,0.011106
1.310,0.032388
1.320,0.098155
1.330,0.148834
1.340,0.204547
1.350,0.200167
1.360,0.174996
1.370,0.150252
1.380,0.161234
1.390,0.159863
1.400,0.132151
1.410,0.084554
1.420,0.055590
1.430,0.061869
1.440,0.106404
1.450,0.133414
1.460,0.126976
1.470,0.105875
1.480,0.102807
1.490,0.156827
1.500,0.177152
1.510,0.156010
1.520,0.091406
1.530,0.032363
1.540,0.014812
1.550,0.029596
1.560,-0.024456
1.570,-0.079250
1.580,-0.124520
1.590,-0.154430
1.600,-0.110488
1.610,-0.087234
1.620,-0.090686
1.630,-0.096575
1.640,-0.072979
1.650,-0.017236
1.660,0.010152
1.670,0.024439
1.680,-0.009419
1.690,-0.016275
1.700,-0.007167
1.710,0.023993
1.720,0.016874
1.730,-0.024431
1.740,-0.047420
1.750,-0.027744
1.760,0.020153
1.770,0.066037
1.780,0.076053
1.790,0.092697
1.800,0.125751
1.810,0.195259
1.820,0.226554
1.830,0.252394
1.840,0.204699
1.850,0.179811
1.860,0.185812
1.870,0.184685
1.880,0.162530
1.890,0.090763
1.900,0.030406
1.910,0.019175
1.920,0.058761
1.930,0.055288
1.940,0.023451
1.950,0.010275
1.960,0.000486
1.970,0.071296
1.980,0.067809
1.990,0.075297
2.000,0.031013
2.010,-0.025756
2.020,-0.015640
2.030,-0.009161
2.040,-0.043919
2.050,-0.105668
2.060,-0.149450
2.070,-0.163266
2.080,-0.130948
2.090,-0.108336
2.100,-0.098601
2.110,-0.115220
2.120,-0.065527
2.130,-0.010654
2.140,0.047874
2.150,0.086616
2.160,0.090545
2.170,0.079328
2.180,0.087997
2.190,0.128938
2.200,0.114333
2.210,0.078765
2.220,0.044077
2.230,0.022095
2.240,0.082145
2.250,0.098680
2.260,0.101515
2.270,0.084919
2.280,0.104533
2.290,0.163785
2.300,0.230882
2.310,0.246793
2.320,0.200148
2.330,0.182887
2.340,0.165800
2.350,0.150496
2.360,0.139597
2.370,0.072876
2.380,-0.006361
2.390,-0.031507
2.400,-0.026194
2.410,-0.040403
2.420,-0.072423
2.430,-0.091605
2.440,-0.090712
2.450,-0.051603
2.460,0.005944
2.470,0.022203
2.480,-0.023301
2.490,-0.031686
2.500,-0.019724
2.510,-0.002593
2.520,-0.008429
2.530,-0.068700
2.540,-0.104478
2.550,-0.100363
2.560,-0.084141
2.570,-0.069890
2.580,-0.054341
2.590,-0.051428
2.600,-0.032458
2.610,0.026520
2.620,0.120960
2.630,0.130926
2.640,0.150308
2.650,0.146895
2.660,0.162007
2.670,0.219843
2.680,0.212277
2.690,0.155138
2.700,0.121723
2.710,0.091738
2.720,0.090119
2.730,0.112316
2.740,0.102925
2.750,0.076217
2.760,0.069161
2.770,0.105418
2.780,0.153778
2.790,0.156899
2.800,0.144335
2.810,0.106773
2.820,0.106920
2.830,0.117690
2.840,0.080225
2.850,0.020058
2.860,-0.030475
2.870,-0.082768
2.880,-0.092850
2.890,-0.088428
2.900,-0.123103
2.910,-0.150305
2.920,-0.162723
2.930,-0.110429
2.940,-0.071858
2.950,-0.013257
2.960,-0.034517
2.970,-0.046381
2.980,-0.005083
2.990,0.034480
3.000,0.053513
3.010,0.011723
3.020,-0.013833
3.030,0.007061
3.040,-0.018305
3.050,0.022675
3.060,0.013921
3.070,0.003953
3.080,-0.003619
3.090,0.058898
3.100,0.144254
3.110,0.179234
3.120,0.199614
3.130,0.176282
3.140,0.209779
3.150,0.272404
3.160,0.240588
3.170,0.196449
3.180,0.143532
3.190,0.105672
3.200,0.108615
3.210,0.095208
3.220,0.051214
3.230,0.010473
3.240,0.010302
3.250,0.017160
3.260,0.014673
3.270,0.054287
3.280,0.026874
3.290,0.020590
3.300,0.019799
3.310,0.064202
3.320,0.052880
3.330,0.006941
3.340,-0.062886
3.350,-0.102189
3.360,-0.099752
3.370,-0.087008
3.380,-0.116551
3.390,-0.160686
3.400,-0.151872
3.410,-0.121454
3.420,-0.060060
3.430,-0.023392
3.440,-0.008609
3.450,0.002248
3.460,0.021110
3.470,0.117114
3.480,0.146295
3.490,0.125434
3.500,0.102457
3.510,0.080861
3.520,0.096059
3.530,0.084511
3.540,0.094009
3.550,0.068907
3.560,0.068323
3.570,0.103797
3.580,0.153784
3.590,0.160021
3.600,0.147196
3.610,0.167308
3.620,0.180353
3.630,0.224921
3.640,0.224719
3.650,0.190131
3.660,0.108731
3.670,0.081022
3.680,0.055657
3.690,0.049419
3.700,0.007437
3.710,-0.061328
3.720,-0.098074
3.730,-0.094673
3.740,-0.053254
3.750,-0.037623
3.760,-0.059374
3.770,-0.072008
3.780,-0.029748
3.790,-0.005694
3.800,0.029967
3.810,0.004355
3.820,-0.049257
3.830,-0.076964
3.840,-0.060985
3.850,-0.047027
3.860,-0.058136
3.870,-0.112275
3.880,-0.120420
3.890,-0.082446
3.900,-0.003750
3.910,0.004319
3.920,0.049706
3.930,0.053770
3.940,0.106270
3.950,0.162424
3.960,0.217390
3.970,0.227764
3.980,0.183278
3.990,0.162977
4.000,0.169019
4.010,0.165507
4.020,0.153882
4.030,0.094566
4.040,0.050619
4.050,0.064162
4.060,0.095617
4.070,0.124434
4.080,0.103981
4.090,0.081333
4.100,0.112102
4.110,0.143222
4.120,0.166119
4.130,0.133465
4.140,0.069577
4.150,0.021210
4.160,0.007226
4.170,0.008965
4.180,-0.038897
4.190,-0.119861
4.200,-0.154997
4.210,-0.170961
4.220,-0.123621
4.230,-0.113418
4.240,-0.116463
4.250,-0.106598
4.260,-0.079498
4.270,-0.035510
4.280,0.038608
4.290,0.060134
4.300,0.000795
4.310,0.021510
4.320,0.013909
4.330,0.038542
4.340,0.034263
4.350,-0.015124
4.360,-0.013944
4.370,-0.004614
4.380,0.032301
4.390,0.077261
4.400,0.075508
4.410,0.091632
4.420,0.137898
4.430,0.173425
4.440,0.236959
4.450,0.247700
4.460,0.225831
4.470,0.202542
4.480,0.183562
4.490,0.182221
4.500,0.162309
4.510,0.088360
4.520,0.028675
4.530,0.023479
4.540,0.043043
4.550,0.035190
4.560,0.008885
4.570,-0.010459
4.580,-0.030643
4.590,0.026128
4.600,0.048894
4.610,0.075977
4.620,0.019177
4.630,-0.019591
4.640,-0.026596
4.650,-0.045841
4.660,-0.038536
4.670,-0.086190
4.680,-0.159972
4.690,-0.152635
4.700,-0.122053
4.710,-0.116794
4.720,-0.088923
4.730,-0.085503
4.740,-0.064492
4.750,0.001740
4.760,0.078076
4.770,0.083443
4.780,0.094072
4.790,0.101870
4.800,0.103741
4.810,0.156484
4.820,0.140494
4.830,0.084169
4.840,0.063422
4.850,0.051387
4.860,0.093886
4.870,0.103204
4.880,0.120510
4.890,0.088609
4.900,0.114302
4.910,0.154653
4.920,0.205708
4.930,0.228997
4.940,0.190076
4.950,0.155362
4.960,0.143182
4.970,0.169423
4.980,0.135087
4.990,0.055092
5.000,-0.011562
5.010,-0.059834
5.020,-0.059605
5.030,-0.058772
5.040,-0.073546
5.050,-0.106961
5.060,-0.117583
5.070,-0.061446
5.080,-0.013271
5.090,-0.005057
5.100,-0.014951
5.110,-0.042987
5.120,-0.027000
5.130,0.003777
5.140,-0.004741
5.150,-0.038207
5.160,-0.104311
5.170,-0.086843
5.180,-0.081381
5.190,-0.047171
5.200,-0.056799
5.210,-0.042718
5.220,-0.010944
5.230,0.053406
5.240,0.124587
5.250,0.140180
5.260,0.151106
5.270,0.156338
5.280,0.178456
5.290,0.233382
5.300,0.226060
5.310,0.181437
5.320,0.132298
5.330,0.093165
5.340,0.101413
5.350,0.107172
5.360,0.097518
5.370,0.060122
5.380,0.054352
5.390,0.092481
5.400,0.110668
5.410,0.129242
5.420,0.111170
5.430,0.070009
5.440,0.078469
5.450,0.105348
5.460,0.088954
5.470,0.028553
5.480,-0.053244
5.490,-0.096297
5.500,-0.087429
5.510,-0.103105
5.520,-0.121718
5.530,-0.146936
5.540,-0.167795
5.550,-0.127258
5.560,-0.061668
5.570,-0.021708
5.580,-0.021073
5.590,-0.021571
5.600,0.014086
5.610,0.038452
5.620,0.065118
5.630,0.050749
5.640,0.000356
5.650,-0.016007
5.660,0.007294
5.670,0.033348
5.680,0.036168
5.690,0.008727
5.700,0.028425
5.710,0.094052
5.720,0.141949
5.730,0.194956
5.740,0.187825
5.750,0.172347
5.760,0.204409
5.770,0.232445
5.780,0.256073
5.790,0.194666
5.800,0.156297
5.810,0.107759
5.820,0.072209
5.830,0.091060
5.840,0.060667
5.850,-0.017209
5.860,-0.028722
5.870,-0.039893
5.880,0.017360
5.890,0.012533
5.900,0.015932
5.910,-0.025932
5.920,-0.024412
5.930,0.033835
5.940,0.057639
5.950,-0.010747
5.960,-0.055179
5.970,-0.097156
5.980,-0.101111
5.990,-0.086453
6.000,-0.096449
6.010,-0.160469
6.020,-0.151435
6.030,-0.113750
6.040,-0.066984
6.050,0.009256
6.060,0.027443
6.070,0.011651
6.080,0.080663
6.090,0.124625
6.100,0.160067
6.110,0.167008
6.120,0.119689
6.130,0.103824
6.140,0.129357
6.150,0.141645
6.160,0.121756
6.170,0.061183
6.180,0.041454
6.190,0.094929
6.200,0.123614
6.210,0.163472
6.220,0.146456
6.230,0.145330
6.240,0.150977
6.250,0.215303
6.260,0.201460
6.270,0.174681
6.280,0.110722
6.290,0.076864
6.300,0.033313
6.310,0.032779
6.320,-0.012288
6.330,-0.069436
6.340,-0.114027
6.350,-0.119381
6.360,-0.079378
6.370,-0.065880
6.380,-0.066383
6.390,-0.082006
6.400,-0.065690
6.410,-0.012145
6.420,0.023168
6.430,0.029492
6.440,-0.036791
6.450,-0.051273
6.460,-0.029830
6.470,-0.050046
6.480,-0.059474
6.490,-0.089437
6.500,-0.096041
6.510,-0.040765
6.520,-0.001714
6.530,0.053282
6.540,0.055730
6.550,0.045873
6.560,0.088886
6.570,0.187751
6.580,0.227663
6.590,0.213264
6.600,0.205514
6.610,0.156426
6.620,0.187625
6.630,0.196507
6.640,0.147351
6.650,0.087896
6.660,0.063266
6.670,0.042954
6.680,0.090562
6.690,0.085583
6.700,0.090567
6.710,0.063131
6.720,0.066989
6.730,0.098561
6.740,0.132957
6.750,0.089747
6.760,0.052609
6.770,0.008356
6.780,0.005774
6.790,-0.021355
6.800,-0.028475
6.810,-0.112562
6.820,-0.171223
6.830,-0.149656
6.840,-0.115696
6.850,-0.109032
6.860,-0.116698
6.870,-0.110158
6.880,-0.086522
6.890,-0.019625
6.900,0.054483
6.910,0.056286
6.920,0.035812
6.930,0.028614
6.940,0.044293
6.950,0.078224
6.960,0.072747
6.970,0.022902
6.980,-0.002003
6.990,0.033626
7.000,0.058640
7.010,0.089397
7.020,0.119140
7.030,0.099227
7.040,0.117622
7.050,0.195024
7.060,0.229943
7.070,0.239903
7.080,0.217576
7.090,0.185801
7.100,0.177284
7.110,0.180297
7.120,0.147511
7.130,0.097263
7.140,0.014010
7.150,-0.008685
7.160,0.026768
7.170,0.004751
7.180,0.001741
7.190,-0.028800
7.200,-0.040403
7.210,-0.014199
7.220,0.041348
7.230,0.041459
7.240,0.009449
7.250,-0.028257
7.260,-0.016443
7.270,-0.005759
7.280,-0.050242
7.290,-0.078922
7.300,-0.140880
7.310,-0.155790
7.320,-0.123586
7.330,-0.073194
7.340,-0.078600
7.350,-0.107506
7.360,-0.057263
7.370,0.010182
7.380,0.080319
7.390,0.109398
7.400,0.097356
7.410,0.120385
7.420,0.128258
7.430,0.165692
7.440,0.162577
7.450,0.120798
7.460,0.091361
7.470,0.078890
7.480,0.092393
7.490,0.109227
7.500,0.104439
7.510,0.099395
7.520,0.100164
7.530,0.147139
7.540,0.188595
7.550,0.198029
7.560,0.174343
7.570,0.125257
7.580,0.156538
7.590,0.136175
7.600,0.110465
7.610,0.061231
7.620,-0.023305
7.630,-0.063003
7.640,-0.071107
7.650,-0.082668
7.660,-0.092094
7.670,-0.115696
7.680,-0.137795
7.690,-0.073179
7.700,-0.046977
7.710,-0.023394
7.720,-0.024088
7.730,-0.039204
7.740,-0.013381
7.750,0.002722
7.760,0.002177
7.770,-0.043637
7.780,-0.081116
7.790,-0.089770
7.800,-0.066836
7.810,-0.022202
7.820,-0.030620
7.830,-0.052165
7.840,0.014038
7.850,0.044502
7.860,0.113206
7.870,0.178519
7.880,0.181678
7.890,0.160330
7.900,0.183547
7.910,0.223090
7.920,0.247359
7.930,0.190076
7.940,0.127994
7.950,0.106283
7.960,0.121430
7.970,0.096673
7.980,0.079007
7.990,0.027976
8.000,0.049732
8.010,0.075008
8.020,0.107319
8.030,0.107841
8.040,0.092110
8.050,0.039682
8.060,0.065736
8.070,0.064611
8.080,0.052253
8.090,0.002545
8.100,-0.063160
8.110,-0.093876
8.120,-0.096254
8.130,-0.100704
8.140,-0.137478
8.150,-0.156513
8.160,-0.169453
8.170,-0.113685
8.180,-0.073055
8.190,-0.053749
8.200,-0.024940
8.210,0.007600
8.220,0.025909
8.230,0.069698
8.240,0.104920
8.250,0.080589
8.260,0.042119
8.270,0.019157
8.280,0.045137
8.290,0.067645
8.300,0.052042
8.310,0.023937
8.320,0.037822
8.330,0.091648
8.340,0.151225
8.350,0.186726
8.360,0.188197
8.370,0.205801
8.380,0.204494
8.390,0.247595
8.400,0.264194
8.410,0.203906
8.420,0.141929
8.430,0.105918
8.440,0.099825
8.450,0.074522
8.460,0.034597
8.470,-0.026037
8.480,-0.072686
8.490,-0.036400
8.500,-0.014523
8.510,-0.013668
8.520,-0.013784
8.530,-0.046529
8.540,-0.026386
8.550,0.016625
8.560,0.018604
8.570,0.005360
8.580,-0.074167
8.590,-0.088946
8.600,-0.083530
8.610,-0.066929
8.620,-0.090777
8.630,-0.132884
8.640,-0.145091
8.650,-0.108433
8.660,-0.032256
8.670,-0.003020
8.680,0.025197
8.690,0.033240
8.700,0.079661
8.710,0.137632
8.720,0.202696
8.730,0.168070
8.740,0.143484
8.750,0.125509
8.760,0.140095
8.770,0.150746
8.780,0.131546
8.790,0.094613
8.800,0.045018
8.810,0.079796
8.820,0.111399
8.830,0.151920
8.840,0.130480
8.850,0.120116
8.860,0.143798
8.870,0.193694
8.880,0.200373
8.890,0.164590
8.900,0.113919
8.910,0.042756
8.920,0.013895
8.930,0.016723
8.940,-0.024606
8.950,-0.074864
8.960,-0.112219
8.970,-0.145281
8.980,-0.074827
8.990,-0.062863
9.000,-0.076768
9.010,-0.089193
9.020,-0.044053
9.030,-0.015705
9.040,0.016665
9.050,0.016982
9.060,-0.031444
9.070,-0.032040
9.080,-0.025368
9.090,-0.003182
9.100,-0.013800
9.110,-0.063786
9.120,-0.060119
9.130,-0.057395
9.140,0.018350
9.150,0.038809
9.160,0.073840
9.170,0.072457
9.180,0.120589
9.190,0.178665
9.200,0.212922
9.210,0.225802
9.220,0.206116
9.230,0.187771
9.240,0.169284
9.250,0.166685
9.260,0.150147
9.270,0.096932
9.280,0.042696
9.290,0.033555
9.300,0.073051
9.310,0.086501
9.320,0.066785
9.330,0.027291
9.340,0.044865
9.350,0.078889
9.360,0.092815
9.370,0.098520
9.380,0.041218
9.390,-0.004726
9.400,0.003658
9.410,-0.007318
9.420,-0.039822
9.430,-0.098424
9.440,-0.153990
9.450,-0.178732
9.460,-0.139085
9.470,-0.098866
9.480,-0.115673
9.490,-0.109106
9.500,-0.073680
9.510,0.002569
9.520,0.061358
9.530,0.076451
9.540,0.052133
9.550,0.056759
9.560,0.074614
9.570,0.094692
9.580,0.105482
9.590,0.058771
9.600,0.013073
9.610,0.040712
9.620,0.065603
9.630,0.107069
9.640,0.089534
9.650,0.100621
9.660,0.116322
9.670,0.172873
9.680,0.213692
9.690,0.261014
9.700,0.207887
9.710,0.183802
9.720,0.189465
9.730,0.177936
9.740,0.152013
9.750,0.064137
9.760,0.011865
9.770,-0.022893
9.780,-0.008039
9.790,-0.009423
9.800,-0.049930
9.810,-0.084986
9.820,-0.074737
9.830,-0.017518
9.840,0.019857
9.850,0.023009
9.860,-0.030805
9.870,-0.061741
9.880,-0.036170
9.890,-0.019253
9.900,-0.036705
9.910,-0.076982
9.920,-0.130588
9.930,-0.148881
9.940,-0.116668
9.950,-0.077831
9.960,-0.074924
9.970,-0.078522
9.980,-0.025043
9.990,0.019055
10.000,0.095233
10.010,0.119612
10.020,0.125896
10.030,0.135779
10.040,0.162775
10.050,0.188366
10.060,0.194097
10.070,0.149390
10.080,0.082316
10.090,0.054041
10.100,0.128447
10.110,0.128422
10.120,0.105302
10.130,0.063571
10.140,0.071645
10.150,0.139705
10.160,0.143903
10.170,0.177857
10.180,0.162254
10.190,0.126957
10.200,0.130571
10.210,0.127408
10.220,0.127617
10.230,0.027025
10.240,-0.049876
10.250,-0.073006
10.260,-0.064632
10.270,-0.081522
10.280,-0.097313
10.290,-0.147464
10.300,-0.156067
10.310,-0.087682
10.320,-0.031736
10.330,-0.007350
10.340,-0.034879
10.350,-0.047539
10.360,-0.024236
10.370,0.021047
10.380,0.037253
10.390,0.003395
10.400,-0.058585
10.410,-0.052895
10.420,-0.029517
10.430,-0.002595
10.440,-0.004028
10.450,-0.017227
10.460,0.008006
10.470,0.063483
10.480,0.135929
10.490,0.167269
10.500,0.182182
10.510,0.178167
10.520,0.183948
10.530,0.245024
10.540,0.241476
10.550,0.210415
10.560,0.139954
10.570,0.106735
10.580,0.108014
10.590,0.103011
10.600,0.067009
10.610,0.007620
10.620,0.024716
10.630,0.015096
10.640,0.066942
10.650,0.089122
10.660,0.064428
10.670,0.043143
10.680,0.049739
10.690,0.073680
10.700,0.056897
10.710,0.031977
10.720,-0.073559
10.730,-0.099935
10.740,-0.108549
10.750,-0.108997
10.760,-0.124101
10.770,-0.147681
10.780,-0.175496
10.790,-0.133306
10.800,-0.055827
10.810,-0.016537
10.820,0.007146
10.830,0.007062
10.840,0.037159
10.850,0.086010
10.860,0.120727
10.870,0.100157
10.880,0.051511
10.890,0.050935
10.900,0.067141
10.910,0.085726
10.920,0.073790
10.930,0.067026
10.940,0.052203
10.950,0.094159
10.960,0.137403
10.970,0.168037
10.980,0.175047
10.990,0.175047
11.000,0.189420
11.010,0.226235
11.020,0.246688
11.030,0.200193
11.040,0.122900
11.050,0.082611
11.060,0.065475
11.070,0.060630
11.080,0.005044
11.090,-0.045851
11.100,-0.074773
11.110,-0.071686
11.120,-0.046553
11.130,-0.026756
11.140,-0.032937
11.150,-0.043932
11.160,-0.024454
11.170,0.003360
11.180,0.009649
11.190,0.010582
11.200,-0.049902
11.210,-0.077926
11.220,-0.074141
11.230,-0.077541
11.240,-0.086957
11.250,-0.116429
11.260,-0.121323
11.270,-0.095299
11.280,-0.063804
11.290,0.012784
11.300,0.036015
11.310,0.059827
11.320,0.097309
11.330,0.179637
11.340,0.212991
11.350,0.208220
11.360,0.171202
11.370,0.128309
11.380,0.159535
11.390,0.166975
11.400,0.133874
11.410,0.097736
11.420,0.064651
11.430,0.068517
11.440,0.110644
11.450,0.131707
11.460,0.126765
11.470,0.105019
11.480,0.127493
11.490,0.138374
11.500,0.172079
11.510,0.128318
11.520,0.080798
11.530,0.043968
11.540,0.022266
11.550,0.008384
11.560,-0.031334
11.570,-0.081870
11.580,-0.156877
11.590,-0.137371
11.600,-0.129467
11.610,-0.096490
11.620,-0.094646
11.630,-0.110510
11.640,-0.072948
11.650,-0.011691
11.660,0.013239
11.670,0.025319
11.680,-0.005709
11.690,-0.036939
11.700,-0.004362
11.710,0.009830
11.720,0.022075
11.730,-0.036273
11.740,-0.033587
11.750,-0.034008
11.760,0.044013
11.770,0.073076
11.780,0.085548
11.790,0.096874
11.800,0.134633
11.810,0.203479
11.820,0.257168
11.830,0.240049
11.840,0.199824
11.850,0.160437
11.860,0.183914
11.870,0.197921
11.880,0.163402
11.890,0.097656
11.900,0.037599
11.910,0.021233
11.920,0.042805
11.930,0.058735
11.940,0.017480
11.950,0.017481
11.960,0.001461
11.970,0.051818
11.980,0.076709
11.990,0.066815
12.000,0.015099
12.010,-0.022813
12.020,-0.020977
12.030,-0.030013
12.040,-0.024042
12.050,-0.112488
12.060,-0.165557
12.070,-0.170429
12.080,-0.145090
12.090,-0.131697
12.100,-0.107544
12.110,-0.102770
12.120,-0.088552
12.130,-0.005616
12.140,0.046612
12.150,0.082534
12.160,0.077135
12.170,0.074491
12.180,0.097429
12.190,0.114838
12.200,0.127599
12.210,0.075445
12.220,0.046601
12.230,0.052232
12.240,0.077105
12.250,0.096048
12.260,0.114540
12.270,0.088406
12.280,0.110702
12.290,0.162105
12.300,0.230964
12.310,0.228413
12.320,0.177824
12.330,0.179229
12.340,0.189059
12.350,0.187526
12.360,0.132327
12.370,0.069100
12.380,0.002919
12.390,-0.025691
12.400,-0.031668
12.410,-0.042812
12.420,-0.050207
12.430,-0.083342
12.440,-0.102009
12.450,-0.051852
12.460,-0.001344
12.470,0.004812
12.480,-0.014000
12.490,-0.030829
12.500,-0.023828
12.510,-0.010986
12.520,-0.032509
12.530,-0.058766
12.540,-0.097981
12.550,-0.100969
12.560,-0.092630
12.570,-0.064169
12.580,-0.046075
12.590,-0.049786
12.600,-0.032867
12.610,0.039154
12.620,0.097786
12.630,0.149133
12.640,0.136879
12.650,0.145470
12.660,0.172576
12.670,0.202823
12.680,0.187542
12.690,0.158404
12.700,0.118898
12.710,0.095305
12.720,0.105069
12.730,0.123351
12.740,0.107035
12.750,0.078194
12.760,0.059287
12.770,0.105029
12.780,0.145581
12.790,0.150066
12.800,0.117438
12.810,0.104140
12.820,0.095087
12.830,0.133651
12.840,0.089644
12.850,0.024739
12.860,-0.049904
12.870,-0.067532
12.880,-0.099609
12.890,-0.093620
12.900,-0.126150
12.910,-0.154504
12.920,-0.156589
12.930,-0.102367
12.940,-0.070411
12.950,-0.026943
12.960,-0.013391
12.970,-0.035835
12.980,-0.004788
12.990,0.029152
13.000,0.025638
13.010,0.021961
13.020,-0.006220
13.030,-0.034022
13.040,-0.024153
13.050,0.021793
13.060,0.017649
13.070,0.011862
13.080,0.023435
13.090,0.067537
13.100,0.143487
13.110,0.161455
13.120,0.194230
13.130,0.185020
13.140,0.218717
13.150,0.253731
13.160,0.245200
13.170,0.203823
13.180,0.134966
13.190,0.085284
13.200,0.098683
13.210,0.095279
13.220,0.047753
13.230,0.015307
13.240,-0.015269
13.250,0.008809
13.260,0.034629
13.270,0.037892
13.280,0.043234
13.290,0.020307
13.300,0.020263
13.310,0.040494
13.320,0.040628
13.330,-0.003503
13.340,-0.070010
13.350,-0.122066
13.360,-0.095481
13.370,-0.115079
13.380,-0.125393
13.390,-0.160411
13.400,-0.162179
13.410,-0.139676
13.420,-0.047376
13.430,-0.009079
13.440,0.004598
13.450,0.021135
13.460,0.040911
13.470,0.075460
13.480,0.143833
13.490,0.140584
13.500,0.103514
13.510,0.071026
13.520,0.091336
13.530,0.112031
13.540,0.078184
13.550,0.056841
13.560,0.045794
13.570,0.101166
13.580,0.132954
13.590,0.187295
13.600,0.169263
13.610,0.144799
13.620,0.202221
13.630,0.205552
13.640,0.232145
13.650,0.204989
13.660,0.118380
13.670,0.064236
13.680,0.070515
13.690,0.046573
13.700,-0.009430
13.710,-0.070968
13.720,-0.105139
13.730,-0.084897
13.740,-0.063717
13.750,-0.036095
13.760,-0.037375
13.770,-0.053435
13.780,-0.032810
13.790,0.007641
13.800,0.003964
13.810,0.012651
13.820,-0.040330
13.830,-0.070718
13.840,-0.073033
13.850,-0.065484
13.860,-0.075391
13.870,-0.099819
13.880,-0.126224
13.890,-0.089662
13.900,-0.025925
13.910,0.034586
13.920,0.042363
13.930,0.057711
13.940,0.115219
13.950,0.164132
13.960,0.219737
13.970,0.201544
13.980,0.183027
13.990,0.159838
14.000,0.167044
14.010,0.168347
14.020,0.138146
14.030,0.093654
14.040,0.054057
14.050,0.074881
14.060,0.106969
14.070,0.104878
14.080,0.110683
14.090,0.081830
14.100,0.102132
14.110,0.128522
14.120,0.138704
14.130,0.137551
14.140,0.075197
14.150,0.013144
14.160,-0.008895
14.170,-0.005854
14.180,-0.051835
14.190,-0.108671
14.200,-0.148404
14.210,-0.142109
14.220,-0.128847
14.230,-0.087606
14.240,-0.092180
14.250,-0.112128
14.260,-0.095386
14.270,-0.010357
14.280,0.037230
14.290,0.062052
14.300,0.029927
14.310,0.011155
14.320,0.037694
14.330,0.033030
14.340,0.038022
14.350,-0.003367
14.360,-0.009469
14.370,-0.003843
14.380,0.009272
14.390,0.093794
14.400,0.081668
14.410,0.102958
14.420,0.123832
14.430,0.193120
14.440,0.247780
14.450,0.248286
14.460,0.205929
14.470,0.203168
14.480,0.192239
14.490,0.189596
14.500,0.165011
14.510,0.086789
14.520,0.050791
14.530,0.015087
14.540,0.029967
14.550,0.036172
14.560,0.001853
14.570,-0.027740
14.580,-0.009417
14.590,0.030017
14.600,0.073146
14.610,0.056783
14.620,0.001272
14.630,-0.015550
14.640,-0.016186
14.650,-0.010468
14.660,-0.042133
14.670,-0.114506
14.680,-0.140876
14.690,-0.166595
14.700,-0.123348
14.710,-0.116850
14.720,-0.090441
14.730,-0.106709
14.740,-0.055761
14.750,0.020203
14.760,0.082081
14.770,0.087356
14.780,0.083881
14.790,0.082801
14.800,0.122969
14.810,0.150190
14.820,0.146435
14.830,0.108243
14.840,0.070448
14.850,0.067788
14.860,0.107756
14.870,0.114526
14.880,0.112199
14.890,0.077589
14.900,0.097645
14.910,0.153796
14.920,0.197206
14.930,0.219411
14.940,0.198452
14.950,0.155066
14.960,0.150943
14.970,0.152799
14.980,0.129153
14.990,0.052987
15.000,-0.009656
15.010,-0.046463
15.020,-0.045953
15.030,-0.042816
15.040,-0.076720
15.050,-0.108441
15.060,-0.092500
15.070,-0.069252
15.080,-0.013114
15.090,-0.006229
15.100,-0.029907
15.110,-0.044681
15.120,-0.034073
15.130,-0.000838
15.140,-0.010448
15.150,-0.050386
15.160,-0.079601
15.170,-0.102447
15.180,-0.062179
15.190,-0.042883
15.200,-0.034418
15.210,-0.054846
15.220,-0.022229
15.230,0.069030
15.240,0.124503
15.250,0.165757
15.260,0.161228
15.270,0.169502
15.280,0.176141
15.290,0.213601
15.300,0.228454
15.310,0.189830
15.320,0.123266
15.330,0.100744
15.340,0.106812
15.350,0.114036
15.360,0.080459
15.370,0.042292
15.380,0.047660
15.390,0.064219
15.400,0.114347
15.410,0.128127
15.420,0.099040
15.430,0.085742
15.440,0.079183
15.450,0.094240
15.460,0.067654
15.470,0.010182
15.480,-0.048746
15.490,-0.090751
15.500,-0.103092
15.510,-0.095966
15.520,-0.123459
15.530,-0.158839
15.540,-0.148426
15.550,-0.125423
15.560,-0.057651
15.570,-0.023756
15.580,-0.028524
15.590,-0.035072
15.600,0.015127
15.610,0.056754
15.620,0.073884
15.630,0.049016
15.640,0.009512
15.650,-0.011886
15.660,0.021926
15.670,0.024120
15.680,0.037298
15.690,0.003584
15.700,0.022135
15.710,0.083811
15.720,0.140389
15.730,0.176957
15.740,0.189611
15.750,0.180376
15.760,0.202409
15.770,0.237836
15.780,0.263010
15.790,0.212329
15.800,0.147362
15.810,0.089549
15.820,0.098088
15.830,0.069744
15.840,0.049379
15.850,-0.021022
15.860,-0.019618
15.870,-0.039322
15.880,0.026474
15.890,0.036570
15.900,-0.007236
15.910,-0.011055
15.920,0.015759
15.930,0.040631
15.940,0.017570
15.950,-0.010600
15.960,-0.075828
15.970,-0.109125
15.980,-0.104915
15.990,-0.074818
16.000,-0.112166
16.010,-0.151005
16.020,-0.161052
16.030,-0.111175
16.040,-0.046467
16.050,-0.016720
16.060,0.021981
16.070,0.009711
16.080,0.059870
16.090,0.127924
16.100,0.178159
16.110,0.147865
16.120,0.119626
16.130,0.112967
16.140,0.119764
16.150,0.139384
16.160,0.122556
16.170,0.077136
16.180,0.062835
16.190,0.092183
16.200,0.131952
16.210,0.177318
16.220,0.136686
16.230,0.137310
16.240,0.177551
16.250,0.202621
16.260,0.204561
16.270,0.179033
16.280,0.122823
16.290,0.058568
16.300,0.054545
16.310,0.031247
16.320,-0.011973
16.330,-0.076069
16.340,-0.108274
16.350,-0.126578
16.360,-0.086087
16.370,-0.056147
16.380,-0.083891
16.390,-0.097424
16.400,-0.054081
16.410,-0.012490
16.420,0.017424
16.430,0.007622
16.440,-0.042233
16.450,-0.025848
16.460,-0.054934
16.470,-0.034251
16.480,-0.056892
16.490,-0.082342
16.500,-0.080270
16.510,-0.065609
16.520,-0.000313
16.530,0.035734
16.540,0.075447
16.550,0.071515
16.560,0.098906
16.570,0.184631
16.580,0.221486
16.590,0.231685
16.600,0.195099
16.610,0.173817
16.620,0.177014
16.630,0.172305
16.640,0.139344
16.650,0.108100
16.660,0.052832
16.670,0.056126
16.680,0.076667
16.690,0.076666
16.700,0.069083
16.710,0.075506
16.720,0.062822
16.730,0.103048
16.740,0.115264
16.750,0.102750
16.760,0.050994
16.770,0.009450
16.780,-0.002402
16.790,-0.015789
16.800,-0.052014
16.810,-0.110247
16.820,-0.157280
16.830,-0.165606
16.840,-0.115571
16.850,-0.105774
16.860,-0.106851
16.870,-0.117557
16.880,-0.070029
16.890,-0.027424
16.900,0.022031
16.910,0.041925
16.920,0.039856
16.930,0.013014
16.940,0.057115
16.950,0.068882
16.960,0.048091
16.970,0.023605
16.980,0.014075
16.990,0.000182
17.000,0.040617
17.010,0.095669
17.020,0.110993
17.030,0.108583
17.040,0.124595
17.050,0.189439
17.060,0.241476
17.070,0.255900
17.080,0.235084
17.090,0.185275
17.100,0.197196
17.110,0.181651
17.120,0.158619
17.130,0.075553
17.140,0.012863
17.150,0.000473
17.160,-0.003299
17.170,0.018443
17.180,-0.019376
17.190,-0.041899
17.200,-0.040427
17.210,-0.004056
17.220,0.037412
17.230,0.044808
17.240,0.030107
17.250,-0.041561
17.260,-0.026204
17.270,-0.022134
17.280,-0.049547
17.290,-0.091070
17.300,-0.152128
17.310,-0.151630
17.320,-0.108718
17.330,-0.112895
17.340,-0.086679
17.350,-0.085864
17.360,-0.068387
17.370,0.016104
17.380,0.084875
17.390,0.110324
17.400,0.123324
17.410,0.097980
17.420,0.143370
17.430,0.166341
17.440,0.157322
17.450,0.125585
17.460,0.079720
17.470,0.082525
17.480,0.083467
17.490,0.116012
17.500,0.103860
17.510,0.104736
17.520,0.087004
17.530,0.154673
17.540,0.173587
17.550,0.203316
17.560,0.170078
17.570,0.146723
17.580,0.132635
17.590,0.123781
17.600,0.099926
17.610,0.060190
17.620,-0.024188
17.630,-0.072865
17.640,-0.057083
17.650,-0.075324
17.660,-0.102156
17.670,-0.140609
17.680,-0.117862
17.690,-0.068027
17.700,-0.046198
17.710,-0.014022
17.720,-0.020238
17.730,-0.018927
17.740,-0.045153
17.750,0.010660
17.760,0.018049
17.770,-0.040669
17.780,-0.065912
17.790,-0.077954
17.800,-0.046256
17.810,-0.032041
17.820,-0.020737
17.830,-0.039272
17.840,-0.005677
17.850,0.053489
17.860,0.121047
17.870,0.151017
17.880,0.185554
17.890,0.181982
17.900,0.206133
17.910,0.225493
17.920,0.231607
17.930,0.208937
17.940,0.142573
17.950,0.097098
17.960,0.108904
17.970,0.111040
17.980,0.079907
17.990,0.031439
18.000,0.039629
18.010,0.061794
18.020,0.094919
18.030,0.092534
18.040,0.078780
18.050,0.059763
18.060,0.070765
18.070,0.073398
18.080,0.075717
18.090,0.010136
18.100,-0.067953
18.110,-0.128388
18.120,-0.115840
18.130,-0.119063
18.140,-0.130368
18.150,-0.160757
18.160,-0.155143
18.170,-0.126405
18.180,-0.076251
18.190,-0.003369
18.200,-0.017828
18.210,-0.017311
18.220,0.017838
18.230,0.057370
18.240,0.101699
18.250,0.078558
18.260,0.052663
18.270,0.034592
18.280,0.052347
18.290,0.077513
18.300,0.054930
18.310,0.030001
18.320,0.035258
18.330,0.068834
18.340,0.142662
18.350,0.177842
18.360,0.189203
18.370,0.179186
18.380,0.182191
18.390,0.236869
18.400,0.258184
18.410,0.184429
18.420,0.131107
18.430,0.095073
18.440,0.069120
18.450,0.065340
18.460,0.030977
18.470,-0.040681
18.480,-0.058221
18.490,-0.044007
18.500,-0.025195
18.510,0.003283
18.520,-0.002041
18.530,-0.031504
18.540,-0.012460
18.550,0.022378
18.560,0.024965
18.570,0.003982
18.580,-0.056119
18.590,-0.101981
18.600,-0.084372
18.610,-0.073367
18.620,-0.092429
18.630,-0.142127
18.640,-0.141762
18.650,-0.094577
18.660,-0.041782
18.670,0.014956
18.680,0.032565
18.690,0.033391
18.700,0.083447
18.710,0.136944
18.720,0.191626
18.730,0.173340
18.740,0.135065
18.750,0.122108
18.760,0.132907
18.770,0.149687
18.780,0.131582
18.790,0.072780
18.800,0.053191
18.810,0.082939
18.820,0.128196
18.830,0.150110
18.840,0.168313
18.850,0.140587
18.860,0.143337
18.870,0.186723
18.880,0.207701
18.890,0.165013
18.900,0.082178
18.910,0.052943
18.920,0.035098
18.930,0.042078
18.940,-0.040400
18.950,-0.071933
18.960,-0.135343
18.970,-0.122829
18.980,-0.102668
18.990,-0.076887
19.000,-0.073960
19.010,-0.092142
19.020,-0.057873
19.030,-0.017411
19.040,0.017221
19.050,0.013328
19.060,-0.022849
19.070,-0.038022
19.080,-0.010700
19.090,-0.018233
19.100,-0.034044
19.110,-0.053411
19.120,-0.056456
19.130,-0.036792
19.140,0.022690
19.150,0.067250
19.160,0.062843
19.170,0.081860
19.180,0.093579
19.190,0.179117
19.200,0.240867
19.210,0.221424
19.220,0.184873
19.230,0.168599
19.240,0.186233
19.250,0.199697
19.260,0.184839
19.270,0.113473
19.280,0.034005
19.290,0.018597
19.300,0.066214
19.310,0.087626
19.320,0.043393
19.330,0.031673
19.340,0.039851
19.350,0.081437
19.360,0.105586
19.370,0.095175
19.380,0.051253
19.390,0.001199
19.400,-0.002635
19.410,0.005374
19.420,-0.058187
19.430,-0.120470
19.440,-0.155627
19.450,-0.147089
19.460,-0.133042
19.470,-0.097465
19.480,-0.110547
19.490,-0.099779
19.500,-0.083369
19.510,-0.004526
19.520,0.052918
19.530,0.072028
19.540,0.068401
19.550,0.058949
19.560,0.064029
19.570,0.105872
19.580,0.075646
19.590,0.064474
19.600,0.048915
19.610,0.034166
19.620,0.074072
19.630,0.102632
19.640,0.113994
19.650,0.097228
19.660,0.133450
19.670,0.180869
19.680,0.229567
19.690,0.241859
19.700,0.209847
19.710,0.165142
19.720,0.200247
19.730,0.181666
19.740,0.131044
19.750,0.089637
19.760,0.010757
19.770,-0.015563
19.780,-0.004823
19.790,-0.019030
19.800,-0.064353
19.810,-0.066306
19.820,-0.061003
19.830,-0.013697
19.840,0.009204
19.850,0.017479
19.860,-0.005447
19.870,-0.036836
19.880,-0.031248
19.890,-0.012195
19.900,-0.039445
19.910,-0.063499
19.920,-0.136910
19.930,-0.135469
19.940,-0.109972
19.950,-0.085149
19.960,-0.069105
19.970,-0.066475
19.980,-0.031966
19.990,0.028694
20.000,0.090740
20.010,0.139389
20.020,0.116231
20.030,0.132213
20.040,0.163511
20.050,0.196758
20.060,0.179794
20.070,0.135013
20.080,0.118885
20.090,0.082805
20.100,0.089981
20.110,0.108820
20.120,0.107088
20.130,0.093819
20.140,0.085422
20.150,0.139183
20.160,0.175063
20.170,0.186817
20.180,0.164395
20.190,0.122732
20.200,0.126937
20.210,0.125780
20.220,0.098236
20.230,0.044779
20.240,-0.043568
20.250,-0.074067
20.260,-0.085970
20.270,-0.081001
20.280,-0.112239
20.290,-0.130392
20.300,-0.142618
20.310,-0.100127
20.320,-0.030180
20.330,-0.050902
20.340,-0.040972
20.350,-0.062744
20.360,-0.011999
20.370,0.028265
20.380,0.038430
20.390,0.001529
20.400,-0.052441
20.410,-0.036817
20.420,-0.026164
20.430,-0.005643
20.440,-0.014560
20.450,-0.010578
20.460,-0.002432
20.470,0.058105
20.480,0.136119
20.490,0.176715
20.500,0.170361
20.510,0.192245
20.520,0.195399
20.530,0.229327
20.540,0.247494
20.550,0.202711
20.560,0.142547
20.570,0.103838
20.580,0.106573
20.590,0.097742
20.600,0.055227
20.610,0.033134
20.620,-0.003621
20.630,0.028811
20.640,0.077880
20.650,0.083038
20.660,0.088252
20.670,0.023672
20.680,0.034755
20.690,0.062114
20.700,0.067669
20.710,0.000597
20.720,-0.077574
20.730,-0.090615
20.740,-0.114003
20.750,-0.105380
20.760,-0.118016
20.770,-0.168822
20.780,-0.172782
20.790,-0.121196
20.800,-0.064992
20.810,-0.019000
20.820,-0.021791
20.830,-0.004308
20.840,0.024038
20.850,0.073815
20.860,0.136212
20.870,0.106526
20.880,0.074397
20.890,0.041239
20.900,0.068666
20.910,0.086054
20.920,0.063929
20.930,0.055641
20.940,0.038070
20.950,0.082810
20.960,0.128355
20.970,0.188238
20.980,0.185512
20.990,0.176574
21.000,0.183823
21.010,0.222771
21.020,0.249334
21.030,0.194476
21.040,0.135451
21.050,0.088339
21.060,0.060906
21.070,0.074104
21.080,-0.003082
21.090,-0.041783
21.100,-0.082535
21.110,-0.088111
21.120,-0.034054
21.130,-0.015350
21.140,-0.033623
21.150,-0.057000
21.160,-0.028284
21.170,0.016000
21.180,0.025074
21.190,0.013613
21.200,-0.044247
21.210,-0.074248
21.220,-0.063248
21.230,-0.073734
21.240,-0.088929
21.250,-0.113797
21.260,-0.126406
21.270,-0.080757
21.280,-0.021095
21.290,0.017011
21.300,0.034741
21.310,0.044209
21.320,0.086634
21.330,0.150315
21.340,0.207896
21.350,0.190153
21.360,0.158354
21.370,0.143867
21.380,0.146092
21.390,0.158860
21.400,0.117491
21.410,0.095811
21.420,0.057640
21.430,0.075332
21.440,0.115835
21.450,0.116090
21.460,0.148835
21.470,0.111280
21.480,0.124342
21.490,0.140305
21.500,0.181819
21.510,0.150079
21.520,0.082912
21.530,0.042250
21.540,0.035940
21.550,0.007291
21.560,-0.039836
21.570,-0.082959
21.580,-0.141811
21.590,-0.146629
21.600,-0.089906
21.610,-0.088771
21.620,-0.096554
21.630,-0.097861
21.640,-0.077543
21.650,-0.015369
21.660,0.028129
21.670,0.020981
21.680,-0.003105
21.690,-0.013018
21.700,0.002736
21.710,0.025017
21.720,0.017903
21.730,-0.023673
21.740,-0.044073
21.750,-0.031155
21.760,0.023368
21.770,0.079350
21.780,0.062519
21.790,0.093754
21.800,0.158428
21.810,0.172103
21.820,0.255975
21.830,0.227034
21.840,0.216976
21.850,0.204364
21.860,0.203567
21.870,0.182108
21.880,0.147425
21.890,0.082889
21.900,0.048987
21.910,0.024403
21.920,0.046343
21.930,0.058043
21.940,0.039814
21.950,0.016106
21.960,0.017821
21.970,0.037863
21.980,0.098114
21.990,0.043536
22.000,0.038411
22.010,-0.016821
22.020,-0.020166
22.030,-0.023915
22.040,-0.051860
22.050,-0.108074
22.060,-0.161327
22.070,-0.175449
22.080,-0.125420
22.090,-0.112474
22.100,-0.091101
22.110,-0.106951
22.120,-0.080121
22.130,-0.000853
22.140,0.068038
22.150,0.074100
22.160,0.071154
22.170,0.084357
22.180,0.083541
22.190,0.113830
22.200,0.120914
22.210,0.068230
22.220,0.018908
22.230,0.028961
22.240,0.084342
22.250,0.115894
22.260,0.114781
22.270,0.103939
22.280,0.107739
22.290,0.180362
22.300,0.234517
22.310,0.223528
22.320,0.210198
22.330,0.168675
22.340,0.170721
22.350,0.173674
22.360,0.123624
22.370,0.083464
22.380,-0.010243
22.390,-0.035147
22.400,-0.036463
22.410,-0.026791
22.420,-0.052937
22.430,-0.088782
22.440,-0.074062
22.450,-0.044848
22.460,-0.007517
22.470,-0.023446
22.480,-0.021547
22.490,-0.041170
22.500,-0.037436
22.510,-0.017921
22.520,-0.012563
22.530,-0.053949
22.540,-0.092519
22.550,-0.108773
22.560,-0.098842
22.570,-0.060718
22.580,-0.073641
22.590,-0.056333
22.600,-0.032159
22.610,0.026459
22.620,0.104887
22.630,0.141332
22.640,0.139321
22.650,0.160679
22.660,0.205410
22.670,0.216303
22.680,0.219797
22.690,0.168829
22.700,0.112631
22.710,0.118432
22.720,0.105913
22.730,0.123591
22.740,0.099525
22.750,0.076195
22.760,0.067441
22.770,0.111327
22.780,0.136841
22.790,0.158426
22.800,0.146697
22.810,0.095379
22.820,0.097734
22.830,0.126415
22.840,0.095267
22.850,0.038263
22.860,-0.067714
22.870,-0.084245
22.880,-0.102363
22.890,-0.105345
22.900,-0.113759
22.910,-0.140834
22.920,-0.170627
22.930,-0.123866
22.940,-0.061526
22.950,-0.027438
22.960,-0.042315
22.970,-0.007551
22.980,0.003426
22.990,0.034961
23.000,0.047164
23.010,0.046833
23.020,0.005009
23.030,-0.033721
23.040,-0.001687
23.050,0.032270
23.060,0.005486
23.070,-0.003534
23.080,0.028368
23.090,0.063761
23.100,0.135630
23.110,0.166396
23.120,0.175916
23.130,0.190491
23.140,0.200038
23.150,0.230416
23.160,0.242173
23.170,0.223511
23.180,0.145879
23.190,0.100689
23.200,0.101910
23.210,0.098552
23.220,0.060182
23.230,-0.009632
23.240,-0.012919
23.250,0.002448
23.260,0.051117
23.270,0.042239
23.280,0.046294
23.290,0.009497
23.300,0.004461
23.310,0.058357
23.320,0.038466
23.330,0.001876
23.340,-0.066309
23.350,-0.090722
23.360,-0.091975
23.370,-0.088686
23.380,-0.114660
23.390,-0.173400
23.400,-0.181530
23.410,-0.121338
23.420,-0.068872
23.430,-0.010774
23.440,-0.001272
23.450,-0.005638
23.460,0.038584
23.470,0.095510
23.480,0.131675
23.490,0.125477
23.500,0.098849
23.510,0.089965
23.520,0.082538
23.530,0.103557
23.540,0.111995
23.550,0.072587
23.560,0.054565
23.570,0.061692
23.580,0.129339
23.590,0.173212
23.600,0.163192
23.610,0.181661
23.620,0.180962
23.630,0.218126
23.640,0.214852
23.650,0.177364
23.660,0.116970
23.670,0.070188
23.680,0.057710
23.690,0.049660
23.700,0.005205
23.710,-0.050074
23.720,-0.114936
23.730,-0.092447
23.740,-0.058461
23.750,-0.026638
23.760,-0.056144
23.770,-0.062873
23.780,-0.055468
23.790,-0.000441
23.800,0.024027
23.810,-0.005964
23.820,-0.048089
23.830,-0.069836
23.840,-0.056363
23.850,-0.061246
23.860,-0.055379
23.870,-0.103000
23.880,-0.095318
23.890,-0.066771
23.900,-0.023881
23.910,0.021553
23.920,0.070122
23.930,0.065504
23.940,0.107662
23.950,0.163034
23.960,0.212402
23.970,0.220229
23.980,0.185932
23.990,0.150249
24.000,0.177830
24.010,0.176101
24.020,0.138814
24.030,0.106682
24.040,0.056940
24.050,0.072439
24.060,0.092271
24.070,0.120538
24.080,0.087984
24.090,0.090377
24.100,0.082166
24.110,0.134969
24.120,0.127790
24.130,0.126721
24.140,0.077955
24.150,0.030279
24.160,0.022082
24.170,-0.011371
24.180,-0.024200
24.190,-0.088838
24.200,-0.166751
24.210,-0.164853
24.220,-0.131071
24.230,-0.101637
24.240,-0.101973
24.250,-0.132726
24.260,-0.072752
24.270,-0.021496
24.280,0.020816
24.290,0.048058
24.300,0.012096
24.310,0.014746
24.320,0.026130
24.330,0.040216
24.340,0.047845
24.350,0.007422
24.360,-0.032076
24.370,-0.025849
24.380,0.034256
24.390,0.086210
24.400,0.088224
24.410,0.112855
24.420,0.131119
24.430,0.192493
24.440,0.245342
24.450,0.237277
24.460,0.214064
24.470,0.182329
24.480,0.164404
24.490,0.171639
24.500,0.165190
24.510,0.087463
24.520,0.030489
24.530,-0.002279
24.540,0.020158
24.550,0.040373
24.560,0.011727
24.570,-0.021459
24.580,0.003603
24.590,0.025646
24.600,0.055915
24.610,0.063567
24.620,-0.005572
24.630,-0.015504
24.640,-0.035947
24.650,-0.028695
24.660,-0.052616
24.670,-0.101239
24.680,-0.151658
24.690,-0.156467
24.700,-0.127232
24.710,-0.087238
24.720,-0.081297
24.730,-0.091959
24.740,-0.059202
24.750,-0.001465
24.760,0.059061
24.770,0.104759
24.780,0.093449
24.790,0.099921
24.800,0.097726
24.810,0.173503
24.820,0.131820
24.830,0.105289
24.840,0.074427
24.850,0.047123
24.860,0.085080
24.870,0.094535
24.880,0.095557
24.890,0.076436
24.900,0.111754
24.910,0.163524
24.920,0.205710
24.930,0.229783
24.940,0.201889
24.950,0.159218
24.960,0.153451
24.970,0.155039
24.980,0.123176
24.990,0.071502
25.000,-0.011616
25.010,-0.052895
25.020,-0.051758
25.030,-0.045020
25.040,-0.081102
25.050,-0.106758
25.060,-0.110495
25.070,-0.055177
25.080,-0.009438
25.090,-0.021056
25.100,-0.026946
25.110,-0.032940
25.120,-0.030384
25.130,0.007222
25.140,-0.001009
25.150,-0.040161
25.160,-0.092402
25.170,-0.098020
25.180,-0.068275
25.190,-0.060313
25.200,-0.052226
25.210,-0.058951
25.220,-0.006717
25.230,0.045767
25.240,0.120029
25.250,0.157523
25.260,0.153737
25.270,0.153491
25.280,0.196377
25.290,0.218429
25.300,0.240147
25.310,0.183689
25.320,0.128385
25.330,0.100516
25.340,0.109795
25.350,0.116376
25.360,0.107898
25.370,0.080245
25.380,0.037019
25.390,0.084318
25.400,0.131419
25.410,0.125826
25.420,0.103392
25.430,0.078961
25.440,0.059665
25.450,0.101811
25.460,0.077531
25.470,0.016923
25.480,-0.052777
25.490,-0.091595
25.500,-0.074901
25.510,-0.097476
25.520,-0.116636
25.530,-0.165322
25.540,-0.160487
25.550,-0.124215
25.560,-0.062978
25.570,-0.036663
25.580,-0.033990
25.590,-0.018447
25.600,0.016118
25.610,0.059184
25.620,0.067086
25.630,0.052411
25.640,-0.015682
25.650,0.007002
25.660,0.019122
25.670,0.045386
25.680,0.049783
25.690,0.014871
25.700,0.035855
25.710,0.072843
25.720,0.149059
25.730,0.178302
25.740,0.188176
25.750,0.198296
25.760,0.200643
25.770,0.236342
25.780,0.245325
25.790,0.209434
25.800,0.170878
25.810,0.096409
25.820,0.072198
25.830,0.076908
25.840,0.029510
25.850,-0.014653
25.860,-0.038133
25.870,-0.031251
25.880,0.008284
25.890,0.010690
25.900,0.013209
25.910,-0.015269
25.920,0.013104
25.930,0.040713
25.940,0.026348
25.950,-0.008191
25.960,-0.062621
25.970,-0.090341
25.980,-0.114318
25.990,-0.092991
26.000,-0.093849
26.010,-0.148660
26.020,-0.154496
26.030,-0.116827
26.040,-0.064324
26.050,0.003015
26.060,0.011028
26.070,0.023208
26.080,0.070966
26.090,0.132358
26.100,0.143109
26.110,0.157219
26.120,0.111987
26.130,0.102619
26.140,0.107453
26.150,0.120518
26.160,0.122818
26.170,0.075562
26.180,0.054811
26.190,0.081255
26.200,0.134175
26.210,0.162317
26.220,0.133979
26.230,0.138944
26.240,0.161925
26.250,0.207022
26.260,0.225855
26.270,0.167109
26.280,0.132608
26.290,0.066358
26.300,0.053042
26.310,0.028407
26.320,-0.015598
26.330,-0.059660
26.340,-0.120243
26.350,-0.115059
26.360,-0.069437
26.370,-0.044124
26.380,-0.085332
26.390,-0.082097
26.400,-0.058458
26.410,0.007109
26.420,0.045056
26.430,0.007157
26.440,-0.027292
26.450,-0.044803
26.460,-0.032044
26.470,-0.031569
26.480,-0.032544
26.490,-0.083635
26.500,-0.120777
26.510,-0.078048
26.520,-0.002509
26.530,0.050030
26.540,0.036304
26.550,0.053419
26.560,0.112741
26.570,0.144749
26.580,0.232480
26.590,0.237698
26.600,0.165569
26.610,0.180639
26.620,0.175505
26.630,0.197381
26.640,0.159015
26.650,0.097795
26.660,0.057259
26.670,0.064573
26.680,0.085118
26.690,0.099226
26.700,0.069325
26.710,0.068349
26.720,0.072954
26.730,0.127302
26.740,0.131809
26.750,0.109173
26.760,0.050470
26.770,0.020960
26.780,-0.001656
26.790,-0.014474
26.800,-0.028130
26.810,-0.090166
26.820,-0.162954
26.830,-0.172349
26.840,-0.119568
26.850,-0.114078
26.860,-0.078007
26.870,-0.110216
26.880,-0.068487
26.890,-0.028043
26.900,0.040031
26.910,0.064828
26.920,0.040266
26.930,0.021262
26.940,0.071004
26.950,0.078737
26.960,0.063172
26.970,0.022048
26.980,-0.004244
26.990,0.024581
27.000,0.048200
27.010,0.093112
27.020,0.091936
27.030,0.113266
27.040,0.128494
27.050,0.198477
27.060,0.246178
27.070,0.240583
27.080,0.222891
27.090,0.198054
27.100,0.174938
27.110,0.194419
27.120,0.190760
27.130,0.084165
27.140,0.029197
27.150,-0.014834
27.160,0.012565
27.170,0.005924
27.180,-0.003879
27.190,-0.040914
27.200,-0.049165
27.210,0.012625
27.220,0.036200
27.230,0.026067
27.240,0.001995
27.250,-0.037152
27.260,-0.022947
27.270,-0.018744
27.280,-0.041873
27.290,-0.084939
27.300,-0.153944
27.310,-0.138776
27.320,-0.139056
27.330,-0.074203
27.340,-0.085046
27.350,-0.090717
27.360,-0.063962
27.370,0.018663
27.380,0.082025
27.390,0.114294
27.400,0.123899
27.410,0.108947
27.420,0.136832
27.430,0.175292
27.440,0.180996
27.450,0.128122
27.460,0.087103
27.470,0.077081
27.480,0.108202
27.490,0.135296
27.500,0.101256
27.510,0.089939
27.520,0.099991
27.530,0.152333
27.540,0.208606
27.550,0.201998
27.560,0.175890
27.570,0.156694
27.580,0.129395
27.590,0.137824
27.600,0.113145
27.610,0.049325
27.620,-0.021654
27.630,-0.067126
27.640,-0.045995
27.650,-0.072667
27.660,-0.094457
27.670,-0.115119
27.680,-0.119448
27.690,-0.085425
27.700,-0.030378
27.710,-0.006251
27.720,-0.027765
27.730,-0.031130
27.740,-0.028083
27.750,0.012344
27.760,-0.002668
27.770,-0.032547
27.780,-0.079202
27.790,-0.064895
27.800,-0.055832
27.810,-0.020843
27.820,-0.031947
27.830,-0.032940
27.840,-0.012242
27.850,0.045545
27.860,0.135829
27.870,0.150605
27.880,0.177719
27.890,0.200153
27.900,0.191266
27.910,0.234693
27.920,0.221510
27.930,0.194159
27.940,0.119669
27.950,0.114127
27.960,0.105538
27.970,0.092929
27.980,0.070780
27.990,0.026736
28.000,0.026137
28.010,0.066495
28.020,0.094726
28.030,0.098125
28.040,0.077910
28.050,0.062754
28.060,0.039019
28.070,0.084723
28.080,0.070375
28.090,-0.014694
28.100,-0.046930
28.110,-0.115629
28.120,-0.104838
28.130,-0.090731
28.140,-0.144157
28.150,-0.181575
28.160,-0.179148
28.170,-0.136049
28.180,-0.064828
28.190,-0.031026
28.200,-0.024806
28.210,-0.018411
28.220,0.019769
28.230,0.063318
28.240,0.099826
28.250,0.075923
28.260,0.027512
28.270,0.043303
28.280,0.031793
28.290,0.073544
28.300,0.051267
28.310,0.039228
28.320,0.042199
28.330,0.091203
28.340,0.159728
28.350,0.173676
28.360,0.212844
28.370,0.184626
28.380,0.194148
28.390,0.223884
28.400,0.269168
28.410,0.220795
28.420,0.139752
28.430,0.103922
28.440,0.097077
28.450,0.073102
28.460,0.027355
28.470,-0.026576
28.480,-0.051318
28.490,-0.046607
28.500,-0.023810
28.510,0.011992
28.520,-0.029225
28.530,-0.036162
28.540,-0.002911
28.550,0.019616
28.560,0.030932
28.570,-0.003535
28.580,-0.048205
28.590,-0.091388
28.600,-0.108346
28.610,-0.078335
28.620,-0.130660
28.630,-0.155508
28.640,-0.129038
28.650,-0.096556
28.660,-0.047731
28.670,0.003432
28.680,0.021507
28.690,0.045062
28.700,0.069986
28.710,0.131875
28.720,0.175543
28.730,0.176673
28.740,0.144264
28.750,0.119327
28.760,0.142390
28.770,0.136386
28.780,0.127117
28.790,0.078312
28.800,0.050371
28.810,0.092838
28.820,0.121062
28.830,0.139895
28.840,0.143309
28.850,0.120060
28.860,0.151091
28.870,0.189011
28.880,0.205679
28.890,0.151389
28.900,0.098979
28.910,0.071659
28.920,0.033218
28.930,0.034492
28.940,-0.005619
28.950,-0.100728
28.960,-0.120619
28.970,-0.123675
28.980,-0.090024
28.990,-0.060613
29.000,-0.079833
29.010,-0.091451
29.020,-0.061446
29.030,-0.019415
29.040,0.027091
29.050,-0.004364
29.060,0.000548
29.070,-0.041574
29.080,-0.018130
29.090,-0.002683
29.100,-0.015724
29.110,-0.051446
29.120,-0.072012
29.130,-0.063397
29.140,0.004485
29.150,0.067550
29.160,0.060271
29.170,0.070464
29.180,0.142374
29.190,0.198107
29.200,0.251310
29.210,0.237400
29.220,0.208755
29.230,0.189887
29.240,0.190286
29.250,0.187600
29.260,0.144473
29.270,0.092096
29.280,0.034159
29.290,0.058232
29.300,0.060941
29.310,0.075468
29.320,0.062721
29.330,0.037282
29.340,0.049913
29.350,0.074873
29.360,0.091939
29.370,0.107951
29.380,0.033443
29.390,-0.004371
29.400,-0.018289
29.410,-0.020218
29.420,-0.047865
29.430,-0.102504
29.440,-0.171608
29.450,-0.162853
29.460,-0.141788
29.470,-0.096411
29.480,-0.120270
29.490,-0.108217
29.500,-0.070169
29.510,-0.025451
29.520,0.049695
29.530,0.069152
29.540,0.046078
29.550,0.045592
29.560,0.079565
29.570,0.098968
29.580,0.087858
29.590,0.051863
29.600,0.025315
29.610,0.041055
29.620,0.076349
29.630,0.108668
29.640,0.120750
29.650,0.085295
29.660,0.111355
29.670,0.159704
29.680,0.241323
29.690,0.216522
29.700,0.209019
29.710,0.189109
29.720,0.164338
29.730,0.172531
29.740,0.144267
29.750,0.085131
29.760,-0.005386
29.770,-0.015510
29.780,-0.005991
29.790,-0.009779
29.800,-0.034471
29.810,-0.053873
29.820,-0.062354
29.830,-0.025118
29.840,0.012228
29.850,0.025528
29.860,-0.013530
29.870,-0.028277
29.880,-0.028931
29.890,-0.004573
29.900,-0.038633
29.910,-0.079781
29.920,-0.125371
29.930,-0.132870
29.940,-0.096494
29.950,-0.075301
29.960,-0.066556
29.970,-0.058074
29.980,-0.039242
29.990,0.011066
30.000,0.079713
30.010,0.136309
30.020,0.125717
30.030,0.133471
30.040,0.155381
30.050,0.203078
30.060,0.202204
30.070,0.137554
30.080,0.103896
30.090,0.083804
30.100,0.092238
30.110,0.126640
30.120,0.104462
30.130,0.085424
30.140,0.109257
30.150,0.139489
30.160,0.182879
30.170,0.177041
30.180,0.141746
30.190,0.138059
30.200,0.120009
30.210,0.129191
30.220,0.099935
30.230,0.038328
30.240,-0.012120
30.250,-0.078889
30.260,-0.081739
30.270,-0.078922
30.280,-0.104939
30.290,-0.154176
30.300,-0.161998
30.310,-0.107532
30.320,-0.049584
30.330,-0.030609
30.340,-0.040592
30.350,-0.045489
30.360,-0.016606
30.370,0.021959
30.380,0.014952
30.390,-0.007363
30.400,-0.040873
30.410,-0.056292
30.420,-0.043510
30.430,-0.007291
30.440,-0.004220
30.450,-0.007761
30.460,-0.014441
30.470,0.068799
30.480,0.128785
30.490,0.175937
30.500,0.184772
30.510,0.170390
30.520,0.196746
30.530,0.238753
30.540,0.251062
30.550,0.195401
30.560,0.127129
30.570,0.100409
30.580,0.109387
30.590,0.114360
30.600,0.066054
30.610,0.021938
30.620,0.004116
30.630,0.029144
30.640,0.060504
30.650,0.077774
30.660,0.062354
30.670,0.038072
30.680,0.041839
30.690,0.050585
30.700,0.048012
30.710,-0.004634
30.720,-0.053391
30.730,-0.088165
30.740,-0.101969
30.750,-0.088100
30.760,-0.130325
30.770,-0.165567
30.780,-0.181724
30.790,-0.124320
30.800,-0.068007
30.810,-0.021461
30.820,-0.007986
30.830,-0.006019
30.840,0.023311
30.850,0.088477
30.860,0.117476
30.870,0.101815
30.880,0.071497
30.890,0.048364
30.900,0.065886
30.910,0.104908
30.920,0.088401
30.930,0.048900
30.940,0.035659
30.950,0.080068
30.960,0.146972
30.970,0.186344
30.980,0.201471
30.990,0.169935
31.000,0.194169
31.010,0.224392
31.020,0.237692
31.030,0.193244
31.040,0.122004
31.050,0.096876
31.060,0.073197
31.070,0.071433
31.080,0.011637
31.090,-0.041542
31.100,-0.075261
31.110,-0.090603
31.120,-0.050514
31.130,-0.013194
31.140,-0.033205
31.150,-0.066925
31.160,-0.040119
31.170,-0.005563
31.180,0.018079
31.190,0.011645
31.200,-0.058498
31.210,-0.061885
31.220,-0.079603
31.230,-0.074327
31.240,-0.068178
31.250,-0.109520
31.260,-0.117888
31.270,-0.076538
31.280,-0.021923
31.290,0.027466
31.300,0.015708
31.310,0.038964
31.320,0.094806
31.330,0.157018
31.340,0.206147
31.350,0.190334
31.360,0.173078
31.370,0.162420
31.380,0.157208
31.390,0.169635
31.400,0.144549
31.410,0.101469
31.420,0.063027
31.430,0.068635
31.440,0.114289
31.450,0.135881
31.460,0.109831
31.470,0.112054
31.480,0.122786
31.490,0.160087
31.500,0.169955
31.510,0.150411
31.520,0.092278
31.530,0.032281
31.540,0.025713
31.550,0.017671
31.560,-0.024212
31.570,-0.106229
31.580,-0.155512
31.590,-0.145605
31.600,-0.124325
31.610,-0.066753
31.620,-0.103996
31.630,-0.109599
31.640,-0.068385
31.650,-0.023433
31.660,0.002147
31.670,0.024757
31.680,-0.011636
31.690,-0.022691
31.700,-0.018474
31.710,0.008801
31.720,0.006942
31.730,-0.028449
31.740,-0.061803
31.750,-0.036015
31.760,0.015910
31.770,0.068727
31.780,0.079163
31.790,0.076075
31.800,0.131526
31.810,0.182098
31.820,0.243208
31.830,0.233976
31.840,0.214749
31.850,0.185444
31.860,0.187788
31.870,0.194736
31.880,0.163387
31.890,0.097569
31.900,0.042141
31.910,0.014510
31.920,0.044374
31.930,0.032644
31.940,0.012425
31.950,0.006531
31.960,0.013263
31.970,0.067573
31.980,0.089045
31.990,0.080880
32.000,0.021965
32.010,-0.007429
32.020,-0.007686
32.030,-0.014429
32.040,-0.045591
32.050,-0.107724
32.060,-0.168466
32.070,-0.174123
32.080,-0.148857
32.090,-0.103433
32.100,-0.107970
32.110,-0.112829
32.120,-0.070281
32.130,-0.011596
32.140,0.068776
32.150,0.101501
32.160,0.077783
32.170,0.062620
32.180,0.078116
32.190,0.141567
32.200,0.123078
32.210,0.068151
32.220,0.053548
32.230,0.028566
32.240,0.075643
32.250,0.106398
32.260,0.104705
32.270,0.088180
32.280,0.143156
32.290,0.169070
32.300,0.226208
32.310,0.230274
32.320,0.184374
32.330,0.166340
32.340,0.170316
32.350,0.178641
32.360,0.134494
32.370,0.071867
32.380,-0.005606
32.390,-0.028879
32.400,-0.056598
32.410,-0.025986
32.420,-0.063979
32.430,-0.095295
32.440,-0.116942
32.450,-0.058770
32.460,0.002005
32.470,0.027725
32.480,-0.026248
32.490,-0.045360
32.500,-0.024391
32.510,-0.006998
32.520,-0.024853
32.530,-0.066589
32.540,-0.115788
32.550,-0.114565
32.560,-0.084393
32.570,-0.046309
32.580,-0.051388
32.590,-0.057502
32.600,-0.034660
32.610,0.041398
32.620,0.095687
32.630,0.164801
32.640,0.148023
32.650,0.161052
32.660,0.165994
32.670,0.217862
32.680,0.212754
32.690,0.164930
32.700,0.109035
32.710,0.087279
32.720,0.127021
32.730,0.131332
32.740,0.101425
32.750,0.071796
32.760,0.060268
32.770,0.086685
32.780,0.131244
32.790,0.152950
32.800,0.131022
32.810,0.093613
32.820,0.111918
32.830,0.117419
32.840,0.092396
32.850,0.009615
32.860,-0.047908
32.870,-0.086426
32.880,-0.102604
32.890,-0.113642
32.900,-0.099185
32.910,-0.146904
32.920,-0.159909
32.930,-0.097253
32.940,-0.044998
32.950,-0.022101
32.960,-0.027139
32.970,-0.022793
32.980,0.011756
32.990,0.038881
33.000,0.049680
33.010,0.028985
33.020,-0.045962
33.030,-0.028303
33.040,-0.009592
33.050,0.019118
33.060,0.015180
33.070,0.005392
33.080,0.015538
33.090,0.071077
33.100,0.138327
33.110,0.184156
33.120,0.178181
33.130,0.193148
33.140,0.191203
33.150,0.245303
33.160,0.252759
33.170,0.192774
33.180,0.139579
33.190,0.119352
33.200,0.098853
33.210,0.085087
33.220,0.028971
33.230,0.011760
33.240,-0.015066
33.250,0.010541
33.260,0.062986
33.270,0.055667
33.280,0.036961
33.290,0.007503
33.300,0.020914
33.310,0.044585
33.320,0.051118
33.330,0.003575
33.340,-0.072392
33.350,-0.106541
33.360,-0.089367
33.370,-0.109559
33.380,-0.114423
33.390,-0.140934
33.400,-0.158087
33.410,-0.120844
33.420,-0.045637
33.430,-0.011943
33.440,-0.003039
33.450,0.006578
33.460,0.060515
33.470,0.113897
33.480,0.156075
33.490,0.124218
33.500,0.088868
33.510,0.072121
33.520,0.095142
33.530,0.102333
33.540,0.105596
33.550,0.066973
33.560,0.042409
33.570,0.055744
33.580,0.121262
33.590,0.186016
33.600,0.168554
33.610,0.163071
33.620,0.175818
33.630,0.219225
33.640,0.206755
33.650,0.167911
33.660,0.107350
33.670,0.077189
33.680,0.067122
33.690,0.050641
33.700,0.001553
33.710,-0.072994
33.720,-0.093309
33.730,-0.097389
33.740,-0.061082
33.750,-0.043415
33.760,-0.058625
33.770,-0.073405
33.780,-0.053137
33.790,-0.017638
33.800,0.022492
33.810,-0.001357
33.820,-0.033482
33.830,-0.087634
33.840,-0.050507
33.850,-0.050355
33.860,-0.065950
33.870,-0.107706
33.880,-0.122690
33.890,-0.096482
33.900,-0.010815
33.910,0.025736
33.920,0.052445
33.930,0.067402
33.940,0.096917
33.950,0.164921
33.960,0.210251
33.970,0.222347
33.980,0.181012
33.990,0.160293
34.000,0.172465
34.010,0.172221
34.020,0.168862
34.030,0.087341
34.040,0.071252
34.050,0.078570
34.060,0.086450
34.070,0.125509
34.080,0.107203
34.090,0.095324
34.100,0.085517
34.110,0.135767
34.120,0.143618
34.130,0.124070
34.140,0.084872
34.150,0.024051
34.160,-0.012502
34.170,-0.014501
34.180,-0.051416
34.190,-0.094875
34.200,-0.161585
34.210,-0.172371
34.220,-0.114113
34.230,-0.098875
34.240,-0.100400
34.250,-0.115773
34.260,-0.064440
34.270,-0.020121
34.280,0.011388
34.290,0.027123
34.300,0.007184
34.310,0.001701
34.320,0.028432
34.330,0.036213
34.340,0.030044
34.350,0.021372
34.360,-0.026109
34.370,-0.014829
34.380,0.040145
34.390,0.067510
34.400,0.096022
34.410,0.104792
34.420,0.122712
34.430,0.200592
34.440,0.238415
34.450,0.249114
34.460,0.207933
34.470,0.181041
34.480,0.173142
34.490,0.191821
34.500,0.154963
34.510,0.089457
34.520,0.020486
34.530,0.000996
34.540,0.019823
34.550,0.037226
34.560,0.013818
34.570,-0.022996
34.580,-0.008831
34.590,0.043887
34.600,0.060558
34.610,0.072300
34.620,0.016310
34.630,-0.007692
34.640,-0.029940
34.650,-0.008954
34.660,-0.057510
34.670,-0.100053
34.680,-0.156033
34.690,-0.179436
34.700,-0.142928
34.710,-0.089999
34.720,-0.093384
34.730,-0.086107
34.740,-0.064830
34.750,-0.026666
34.760,0.072684
34.770,0.093140
34.780,0.088084
34.790,0.086808
34.800,0.108478
34.810,0.136934
34.820,0.157066
34.830,0.109411
34.840,0.057911
34.850,0.056848
34.860,0.100394
34.870,0.118694
34.880,0.111915
34.890,0.083689
34.900,0.106345
34.910,0.149187
34.920,0.189713
34.930,0.225961
34.940,0.184578
34.950,0.155123
34.960,0.146024
34.970,0.165320
34.980,0.148611
34.990,0.064130
35.000,-0.004778
35.010,-0.062071
35.020,-0.047776
35.030,-0.048405
35.040,-0.062260
35.050,-0.109907
35.060,-0.119650
35.070,-0.069571
35.080,-0.025550
35.090,0.007587
35.100,-0.018774
35.110,-0.036792
35.120,-0.024166
35.130,0.007393
35.140,-0.009405
35.150,-0.055429
35.160,-0.110700
35.170,-0.089340
35.180,-0.068618
35.190,-0.039216
35.200,-0.042718
35.210,-0.032220
35.220,-0.033623
35.230,0.054603
35.240,0.107683
35.250,0.151089
35.260,0.146613
35.270,0.161715
35.280,0.184745
35.290,0.226305
35.300,0.218186
35.310,0.167576
35.320,0.132914
35.330,0.115367
35.340,0.117666
35.350,0.115246
35.360,0.096381
35.370,0.039512
35.380,0.045014
35.390,0.093086
35.400,0.128620
35.410,0.126082
35.420,0.118031
35.430,0.081943
35.440,0.090869
35.450,0.080896
35.460,0.072427
35.470,0.020804
35.480,-0.050880
35.490,-0.088874
35.500,-0.098565
35.510,-0.101593
35.520,-0.120617
35.530,-0.151779
35.540,-0.179491
35.550,-0.124595
35.560,-0.063838
35.570,-0.026341
35.580,-0.016010
35.590,-0.036626
35.600,0.013619
35.610,0.036933
35.620,0.065959
35.630,0.043683
35.640,0.006720
35.650,-0.008922
35.660,0.014021
35.670,0.038904
35.680,0.035033
35.690,0.000340
35.700,0.011882
35.710,0.072510
35.720,0.148470
35.730,0.191995
35.740,0.213157
35.750,0.184405
35.760,0.198917
35.770,0.243825
35.780,0.254966
35.790,0.207368
35.800,0.132303
35.810,0.100763
35.820,0.091810
35.830,0.068985
35.840,0.032905
35.850,0.002431
35.860,-0.060967
35.870,-0.020434
35.880,0.012042
35.890,0.042751
35.900,0.016978
35.910,-0.016853
35.920,0.014248
35.930,0.024093
35.940,0.054361
35.950,0.011485
35.960,-0.064467
35.970,-0.090761
35.980,-0.096232
35.990,-0.101761
36.000,-0.102477
36.010,-0.144056
36.020,-0.148784
36.030,-0.106721
36.040,-0.038832
36.050,0.003272
36.060,0.006945
36.070,0.021938
36.080,0.067281
36.090,0.122771
36.100,0.159268
36.110,0.170365
36.120,0.122198
36.130,0.119330
36.140,0.106483
36.150,0.128294
36.160,0.108455
36.170,0.071265
36.180,0.054260
36.190,0.082400
36.200,0.128525
36.210,0.179816
36.220,0.163857
36.230,0.139752
36.240,0.158325
36.250,0.206351
36.260,0.217013
36.270,0.169831
36.280,0.121735
36.290,0.050592
36.300,0.042810
36.310,0.050193
36.320,-0.036025
36.330,-0.076773
36.340,-0.108984
36.350,-0.116196
36.360,-0.089524
36.370,-0.070962
36.380,-0.091685
36.390,-0.094125
36.400,-0.058496
36.410,-0.017524
36.420,0.019389
36.430,0.005336
36.440,-0.029073
36.450,-0.070794
36.460,-0.047526
36.470,-0.032633
36.480,-0.045143
36.490,-0.086361
36.500,-0.116619
36.510,-0.058935
36.520,0.002418
36.530,0.064650
36.540,0.065163
36.550,0.086756
36.560,0.117902
36.570,0.173788
36.580,0.230709
36.590,0.214682
36.600,0.196731
36.610,0.170723
36.620,0.165826
36.630,0.194081
36.640,0.166063
36.650,0.103545
36.660,0.062897
36.670,0.070212
36.680,0.080630
36.690,0.084152
36.700,0.073069
36.710,0.069111
36.720,0.073610
36.730,0.092817
36.740,0.143692
36.750,0.110828
36.760,0.071387
36.770,0.023547
36.780,-0.005270
36.790,-0.007815
36.800,-0.052827
36.810,-0.117706
36.820,-0.162720
36.830,-0.158477
36.840,-0.118670
36.850,-0.115895
36.860,-0.100730
36.870,-0.109815
36.880,-0.081670
36.890,-0.005172
36.900,0.035536
36.910,0.066202
36.920,0.031241
36.930,0.016206
36.940,0.052694
36.950,0.055567
36.960,0.052418
36.970,0.024988
36.980,-0.002783
36.990,0.007077
37.000,0.035082
37.010,0.078260
37.020,0.104001
37.030,0.104769
37.040,0.118850
37.050,0.191215
37.060,0.241283
37.070,0.255274
37.080,0.207334
37.090,0.201864
37.100,0.182220
37.110,0.200473
37.120,0.162964
37.130,0.075882
37.140,0.018467
37.150,0.000217
37.160,0.016829
37.170,-0.003138
37.180,-0.017779
37.190,-0.035422
37.200,-0.033772
37.210,-0.010117
37.220,0.028229
37.230,0.039346
37.240,-0.010077
37.250,-0.026323
37.260,-0.019036
37.270,-0.019169
37.280,-0.066046
37.290,-0.081201
37.300,-0.130835
37.310,-0.135690
37.320,-0.111512
37.330,-0.108385
37.340,-0.074003
37.350,-0.085844
37.360,-0.048405
37.370,0.010344
37.380,0.079991
37.390,0.112522
37.400,0.128155
37.410,0.114844
37.420,0.135979
37.430,0.156986
37.440,0.173630
37.450,0.128538
37.460,0.085832
37.470,0.085235
37.480,0.106693
37.490,0.119062
37.500,0.111639
37.510,0.090977
37.520,0.106408
37.530,0.152045
37.540,0.193632
37.550,0.192431
37.560,0.180942
37.570,0.153018
37.580,0.130104
37.590,0.148263
37.600,0.112634
37.610,0.026393
37.620,-0.025652
37.630,-0.053637
37.640,-0.072249
37.650,-0.073790
37.660,-0.083484
37.670,-0.138344
37.680,-0.137914
37.690,-0.089716
37.700,-0.029239
37.710,-0.009542
37.720,-0.034156
37.730,-0.042039
37.740,-0.019157
37.750,0.006502
37.760,0.004116
37.770,-0.035631
37.780,-0.061744
37.790,-0.080967
37.800,-0.023793
37.810,-0.018841
37.820,-0.031247
37.830,-0.032039
37.840,-0.007169
37.850,0.057044
37.860,0.130432
37.870,0.170859
37.880,0.168868
37.890,0.178544
37.900,0.220303
37.910,0.228919
37.920,0.232483
37.930,0.200475
37.940,0.148720
37.950,0.114934
37.960,0.121733
37.970,0.110296
37.980,0.080764
37.990,0.048548
38.000,0.034943
38.010,0.073705
38.020,0.113557
38.030,0.091200
38.040,0.093481
38.050,0.054240
38.060,0.042174
38.070,0.082078
38.080,0.064010
38.090,0.006307
38.100,-0.072275
38.110,-0.109565
38.120,-0.105236
38.130,-0.118079
38.140,-0.128973
38.150,-0.162008
38.160,-0.169639
38.170,-0.122386
38.180,-0.064449
38.190,-0.037591
38.200,-0.030370
38.210,-0.012477
38.220,0.030929
38.230,0.073223
38.240,0.091157
38.250,0.077290
38.260,0.019545
38.270,0.014440
38.280,0.040666
38.290,0.065047
38.300,0.055270
38.310,0.032462
38.320,0.024628
38.330,0.076274
38.340,0.147249
38.350,0.163444
38.360,0.171190
38.370,0.176497
38.380,0.216671
38.390,0.243917
38.400,0.260216
38.410,0.216753
38.420,0.134812
38.430,0.094783
38.440,0.071238
38.450,0.083103
38.460,0.038234
38.470,-0.021046
38.480,-0.054020
38.490,-0.042981
38.500,-0.009913
38.510,0.006274
38.520,-0.000264
38.530,-0.037106
38.540,-0.026748
38.550,0.016458
38.560,0.039350
38.570,-0.002987
38.580,-0.061556
38.590,-0.083311
38.600,-0.088039
38.610,-0.100515
38.620,-0.110084
38.630,-0.156110
38.640,-0.148148
38.650,-0.112361
38.660,-0.039322
38.670,0.024536
38.680,0.013989
38.690,0.034196
38.700,0.073396
38.710,0.112186
38.720,0.173699
38.730,0.167416
38.740,0.143628
38.750,0.114338
38.760,0.121094
38.770,0.152047
38.780,0.126590
38.790,0.075821
38.800,0.052460
38.810,0.076644
38.820,0.131832
38.830,0.163695
38.840,0.129229
38.850,0.141269
38.860,0.144889
38.870,0.183268
38.880,0.204217
38.890,0.151965
38.900,0.108384
38.910,0.039147
38.920,0.030115
38.930,0.012439
38.940,-0.005083
38.950,-0.070930
38.960,-0.126111
38.970,-0.126897
38.980,-0.104929
38.990,-0.061209
39.000,-0.071275
39.010,-0.083940
39.020,-0.069442
39.030,-0.019989
39.040,0.020563
39.050,0.028823
39.060,-0.027137
39.070,-0.035563
39.080,-0.007977
39.090,0.002359
39.100,-0.000015
39.110,-0.048989
39.120,-0.068916
39.130,-0.033392
39.140,0.016081
39.150,0.058296
39.160,0.065212
39.170,0.066098
39.180,0.135139
39.190,0.181234
39.200,0.227561
39.210,0.245773
39.220,0.196851
39.230,0.168361
39.240,0.178571
39.250,0.187575
39.260,0.161836
39.270,0.104397
39.280,0.058923
39.290,0.040785
39.300,0.068465
39.310,0.076039
39.320,0.053338
39.330,0.040972
39.340,0.047921
39.350,0.099500
39.360,0.113348
39.370,0.083118
39.380,0.046577
39.390,-0.002023
39.400,0.005433
39.410,-0.031490
39.420,-0.054593
39.430,-0.116610
39.440,-0.159635
39.450,-0.167016
39.460,-0.150570
39.470,-0.126973
39.480,-0.105830
39.490,-0.094631
39.500,-0.062932
39.510,-0.015432
39.520,0.053278
39.530,0.059276
39.540,0.040091
39.550,0.060097
39.560,0.076395
39.570,0.093399
39.580,0.088607
39.590,0.063277
39.600,0.024204
39.610,0.025136
39.620,0.071348
39.630,0.101452
39.640,0.101174
39.650,0.094164
39.660,0.135339
39.670,0.178379
39.680,0.221609
39.690,0.257854
39.700,0.222137
39.710,0.187038
39.720,0.178199
39.730,0.181549
39.740,0.133049
39.750,0.077999
39.760,0.013057
39.770,-0.020278
39.780,-0.008314
39.790,-0.018343
39.800,-0.033859
39.810,-0.081494
39.820,-0.064440
39.830,-0.030545
39.840,0.002924
39.850,0.015432
39.860,-0.010047
39.870,-0.040349
39.880,-0.020465
39.890,-0.022439
39.900,-0.021128
39.910,-0.073031
39.920,-0.134485
39.930,-0.122615
39.940,-0.120918
39.950,-0.073702
39.960,-0.074685
39.970,-0.069964
39.980,-0.062789
39.990,0.010287
40.000,0.086152
40.010,0.130020
40.020,0.130555
40.030,0.130940
40.040,0.154766
40.050,0.183211
40.060,0.176907
40.070,0.144810
40.080,0.106486
40.090,0.096919
40.100,0.100539
40.110,0.130781
40.120,0.092751
40.130,0.088705
40.140,0.073888
40.150,0.128669
40.160,0.162547
40.170,0.171722
40.180,0.148347
40.190,0.139554
40.200,0.116618
40.210,0.134924
40.220,0.105317
40.230,0.040378
40.240,-0.033077
40.250,-0.069482
40.260,-0.090567
40.270,-0.080416
40.280,-0.104269
40.290,-0.147738
40.300,-0.140605
40.310,-0.111541
40.320,-0.040204
40.330,-0.029418
40.340,-0.033106
40.350,-0.028118
40.360,-0.001851
40.370,0.017870
40.380,0.025317
40.390,0.008098
40.400,-0.072286
40.410,-0.041633
40.420,-0.016934
40.430,-0.013797
40.440,0.007977
40.450,-0.011543
40.460,0.006671
40.470,0.039675
40.480,0.128981
40.490,0.172400
40.500,0.174324
40.510,0.175689
40.520,0.202404
40.530,0.212253
40.540,0.242259
40.550,0.194462
40.560,0.140799
40.570,0.102919
40.580,0.105945
40.590,0.105978
40.600,0.088922
40.610,0.017566
40.620,0.022883
40.630,0.028580
40.640,0.061673
40.650,0.068476
40.660,0.069138
40.670,0.022685
40.680,0.051019
40.690,0.064482
40.700,0.048405
40.710,-0.003572
40.720,-0.058636
40.730,-0.100663
40.740,-0.097642
40.750,-0.103527
40.760,-0.131964
40.770,-0.156975
40.780,-0.180093
40.790,-0.117889
40.800,-0.062521
40.810,-0.032902
40.820,-0.022376
40.830,-0.006384
40.840,0.017056
40.850,0.102963
40.860,0.128068
40.870,0.091190
40.880,0.064058
40.890,0.067495
40.900,0.072854
40.910,0.078095
40.920,0.056915
40.930,0.034026
40.940,0.056954
40.950,0.087905
40.960,0.130609
40.970,0.185228
40.980,0.174305
40.990,0.166035
41.000,0.187737
41.010,0.223542
41.020,0.253545
41.030,0.187880
41.040,0.128773
41.050,0.100047
41.060,0.086902
41.070,0.049142
41.080,0.037120
41.090,-0.033170
41.100,-0.096361
41.110,-0.054114
41.120,-0.052019
41.130,-0.013851
41.140,-0.045558
41.150,-0.066364
41.160,-0.024391
41.170,0.009002
41.180,0.022017
41.190,-0.001759
41.200,-0.053882
41.210,-0.084537
41.220,-0.087771
41.230,-0.061372
41.240,-0.083532
41.250,-0.121406
41.260,-0.137267
41.270,-0.098671
41.280,-0.047631
41.290,0.012145
41.300,0.022739
41.310,0.059634
41.320,0.080767
41.330,0.150281
41.340,0.198917
41.350,0.202641
41.360,0.166357
41.370,0.142301
41.380,0.172498
41.390,0.160829
41.400,0.142350
41.410,0.118985
41.420,0.051657
41.430,0.082735
41.440,0.116294
41.450,0.121293
41.460,0.118294
41.470,0.117546
41.480,0.107667
41.490,0.155723
41.500,0.184166
41.510,0.142820
41.520,0.088289
41.530,0.032178
41.540,0.015864
41.550,0.003397
41.560,-0.035501
41.570,-0.091289
41.580,-0.145051
41.590,-0.126683
41.600,-0.108868
41.610,-0.089055
41.620,-0.073977
41.630,-0.103078
41.640,-0.083005
41.650,-0.017455
41.660,0.014364
41.670,0.031220
41.680,0.011603
41.690,-0.011203
41.700,-0.006547
41.710,0.016375
41.720,0.013483
41.730,-0.015804
41.740,-0.054546
41.750,-0.032791
41.760,0.035425
41.770,0.069864
41.780,0.084442
41.790,0.093628
41.800,0.117949
41.810,0.187996
41.820,0.250404
41.830,0.241981
41.840,0.210386
41.850,0.190153
41.860,0.191684
41.870,0.215584
41.880,0.151625
41.890,0.097942
41.900,0.061164
41.910,0.028021
41.920,0.049461
41.930,0.040463
41.940,0.044846
41.950,0.018901
41.960,0.024252
41.970,0.051666
41.980,0.086792
41.990,0.069908
42.000,0.034087
42.010,-0.011319
42.020,-0.010765
42.030,-0.032328
42.040,-0.051785
42.050,-0.136491
42.060,-0.160338
42.070,-0.157145
42.080,-0.136802
42.090,-0.083657
42.100,-0.114703
42.110,-0.109093
42.120,-0.082555
42.130,-0.010521
42.140,0.054186
42.150,0.068392
42.160,0.063961
42.170,0.089935
42.180,0.090616
42.190,0.131077
42.200,0.106319
42.210,0.078912
42.220,0.048571
42.230,0.043613
42.240,0.075191
42.250,0.107162
42.260,0.108823
42.270,0.107984
42.280,0.131725
42.290,0.160159
42.300,0.202233
42.310,0.228259
42.320,0.200475
42.330,0.179123
42.340,0.179077
42.350,0.163042
42.360,0.158613
42.370,0.071007
42.380,-0.019609
42.390,-0.024958
42.400,-0.029129
42.410,-0.028886
42.420,-0.073445
42.430,-0.092381
42.440,-0.086989
42.450,-0.049578
42.460,0.002930
42.470,0.017467
42.480,-0.003952
42.490,-0.026205
42.500,-0.030570
42.510,0.007395
42.520,-0.016273
42.530,-0.056277
42.540,-0.114258
42.550,-0.134435
42.560,-0.114687
42.570,-0.061807
42.580,-0.067114
42.590,-0.064083
42.600,-0.027227
42.610,0.016991
42.620,0.088046
42.630,0.146043
42.640,0.148939
42.650,0.144381
42.660,0.168761
42.670,0.191855
42.680,0.207977
42.690,0.159456
42.700,0.120031
42.710,0.105504
42.720,0.103648
42.730,0.123371
42.740,0.102162
42.750,0.076850
42.760,0.082779
42.770,0.111562
42.780,0.156171
42.790,0.166939
42.800,0.128362
42.810,0.105251
42.820,0.107445
42.830,0.124630
42.840,0.103693
42.850,0.049769
42.860,-0.056583
42.870,-0.086499
42.880,-0.107159
42.890,-0.097154
42.900,-0.134600
42.910,-0.141456
42.920,-0.148525
42.930,-0.123839
42.940,-0.052713
42.950,-0.019198
42.960,-0.012068
42.970,-0.022290
42.980,-0.001557
42.990,0.037309
43.000,0.058243
43.010,0.026232
43.020,-0.022531
43.030,-0.041272
43.040,0.005002
43.050,0.012164
43.060,0.014373
43.070,0.010007
43.080,0.013976
43.090,0.081709
43.100,0.128535
43.110,0.187226
43.120,0.170081
43.130,0.168431
43.140,0.197698
43.150,0.244474
43.160,0.241558
43.170,0.191798
43.180,0.155854
43.190,0.096579
43.200,0.099078
43.210,0.096471
43.220,0.054087
43.230,0.011991
43.240,-0.009902
43.250,0.003462
43.260,0.052869
43.270,0.049846
43.280,0.025120
43.290,0.016420
43.300,0.011932
43.310,0.048653
43.320,0.042581
43.330,-0.006596
43.340,-0.058969
43.350,-0.096435
43.360,-0.132591
43.370,-0.103117
43.380,-0.120490
43.390,-0.152290
43.400,-0.170033
43.410,-0.134782
43.420,-0.058032
43.430,-0.008686
43.440,-0.023418
43.450,-0.006330
43.460,0.043198
43.470,0.081185
43.480,0.134692
43.490,0.135765
43.500,0.081413
43.510,0.077860
43.520,0.083506
43.530,0.113467
43.540,0.102808
43.550,0.076565
43.560,0.052969
43.570,0.095866
43.580,0.143510
43.590,0.166912
43.600,0.183857
43.610,0.155632
43.620,0.181756
43.630,0.239675
43.640,0.234627
43.650,0.179725
43.660,0.126661
43.670,0.071020
43.680,0.058654
43.690,0.030904
43.700,0.005006
43.710,-0.075642
43.720,-0.097571
43.730,-0.090828
43.740,-0.052429
43.750,-0.020442
43.760,-0.070427
43.770,-0.078058
43.780,-0.057155
43.790,-0.010356
43.800,0.028807
43.810,-0.002955
43.820,-0.049477
43.830,-0.080757
43.840,-0.068494
43.850,-0.053995
43.860,-0.065348
43.870,-0.113922
43.880,-0.115268
43.890,-0.075877
43.900,-0.016319
43.910,0.015448
43.920,0.053469
43.930,0.067160
43.940,0.104908
43.950,0.155067
43.960,0.199022
43.970,0.212486
43.980,0.169448
43.990,0.145268
44.000,0.174168
44.010,0.182088
44.020,0.154838
44.030,0.109700
44.040,0.067718
44.050,0.052967
44.060,0.109313
44.070,0.118075
44.080,0.108804
44.090,0.102261
44.100,0.101940
44.110,0.149041
44.120,0.153971
44.130,0.123564
44.140,0.063601
44.150,0.024031
44.160,-0.006796
44.170,-0.001151
44.180,-0.041239
44.190,-0.110385
44.200,-0.176921
44.210,-0.178278
44.220,-0.118246
44.230,-0.110968
44.240,-0.090136
44.250,-0.114938
44.260,-0.075135
44.270,-0.033351
44.280,0.024735
44.290,0.036289
44.300,0.021399
44.310,0.020119
44.320,0.030410
44.330,0.028966
44.340,0.036109
44.350,-0.002356
44.360,-0.033306
44.370,-0.003665
44.380,0.055593
44.390,0.075465
44.400,0.101843
44.410,0.109069
44.420,0.117911
44.430,0.208318
44.440,0.258196
44.450,0.249194
44.460,0.232447
44.470,0.191565
44.480,0.199665
44.490,0.196144
44.500,0.149184
44.510,0.094620
44.520,0.030103
44.530,0.007741
44.540,0.014616
44.550,0.024729
44.560,-0.001525
44.570,-0.004788
44.580,-0.031370
44.590,0.027087
44.600,0.053386
44.610,0.039585
44.620,0.019238
44.630,-0.028982
44.640,-0.012567
44.650,-0.022474
44.660,-0.042325
44.670,-0.103781
44.680,-0.146175
44.690,-0.150068
44.700,-0.133771
44.710,-0.101398
44.720,-0.080681
44.730,-0.104791
44.740,-0.048666
44.750,-0.001561
44.760,0.064621
44.770,0.081972
44.780,0.084658
44.790,0.073900
44.800,0.110448
44.810,0.153479
44.820,0.144066
44.830,0.098946
44.840,0.054208
44.850,0.054230
44.860,0.076143
44.870,0.102223
44.880,0.129480
44.890,0.098401
44.900,0.101572
44.910,0.167306
44.920,0.223941
44.930,0.210698
44.940,0.186840
44.950,0.146746
44.960,0.139737
44.970,0.171617
44.980,0.162019
44.990,0.050953
45.000,-0.030257
45.010,-0.035346
45.020,-0.038880
45.030,-0.045751
45.040,-0.062354
45.050,-0.113307
45.060,-0.107367
45.070,-0.060922
45.080,-0.024259
45.090,-0.002020
45.100,-0.027722
45.110,-0.035572
45.120,-0.024265
45.130,-0.020764
45.140,-0.003511
45.150,-0.060467
45.160,-0.100325
45.170,-0.117767
45.180,-0.065440
45.190,-0.048832
45.200,-0.046915
45.210,-0.036280
45.220,-0.016601
45.230,0.040518
45.240,0.095414
45.250,0.162315
45.260,0.156245
45.270,0.157284
45.280,0.195115
45.290,0.215812
45.300,0.223352
45.310,0.190525
45.320,0.133104
45.330,0.096504
45.340,0.124997
45.350,0.127443
45.360,0.111413
45.370,0.056139
45.380,0.050699
45.390,0.092209
45.400,0.128629
45.410,0.136227
45.420,0.108673
45.430,0.080469
45.440,0.077276
45.450,0.088764
45.460,0.081996
45.470,0.014744
45.480,-0.067778
45.490,-0.093637
45.500,-0.081642
45.510,-0.085771
45.520,-0.145170
45.530,-0.168630
45.540,-0.156333
45.550,-0.120335
45.560,-0.060844
45.570,-0.028964
45.580,-0.025283
45.590,-0.033261
45.600,0.020370
45.610,0.044070
45.620,0.072324
45.630,0.064480
45.640,0.020523
45.650,-0.002613
45.660,0.019347
45.670,0.036621
45.680,0.033018
45.690,0.016649
45.700,0.039485
45.710,0.072839
45.720,0.149141
45.730,0.186578
45.740,0.189075
45.750,0.180852
45.760,0.214404
45.770,0.243983
45.780,0.249500
45.790,0.201624
45.800,0.121797
45.810,0.109400
45.820,0.100128
45.830,0.078380
45.840,0.043553
45.850,-0.006259
45.860,-0.048060
45.870,-0.014656
45.880,0.022143
45.890,0.037851
45.900,0.020510
45.910,-0.026712
45.920,0.007356
45.930,0.025750
45.940,0.046070
45.950,0.005993
45.960,-0.055103
45.970,-0.098822
45.980,-0.069778
45.990,-0.092854
46.000,-0.122958
46.010,-0.138175
46.020,-0.171156
46.030,-0.097787
46.040,-0.042322
46.050,0.006632
46.060,0.018694
46.070,0.025558
46.080,0.050574
46.090,0.118508
46.100,0.167704
46.110,0.150384
46.120,0.121516
46.130,0.094239
46.140,0.106801
46.150,0.132149
46.160,0.120601
46.170,0.075662
46.180,0.047922
46.190,0.067597
46.200,0.153355
46.210,0.151083
46.220,0.148943
46.230,0.140330
46.240,0.173004
46.250,0.191857
46.260,0.217425
46.270,0.179168
46.280,0.101602
46.290,0.066687
46.300,0.035689
46.310,0.031801
46.320,-0.002587
46.330,-0.076817
46.340,-0.127525
46.350,-0.118654
46.360,-0.083396
46.370,-0.058609
46.380,-0.093611
46.390,-0.099095
46.400,-0.054142
46.410,-0.012922
46.420,0.019728
46.430,0.009015
46.440,-0.033437
46.450,-0.058788
46.460,-0.043361
46.470,-0.022665
46.480,-0.038689
46.490,-0.077374
46.500,-0.105241
46.510,-0.062872
46.520,-0.017119
46.530,0.034500
46.540,0.059376
46.550,0.071616
46.560,0.122782
46.570,0.186228
46.580,0.230589
46.590,0.222994
46.600,0.194158
46.610,0.169362
46.620,0.193375
46.630,0.186490
46.640,0.148529
46.650,0.090583
46.660,0.067050
46.670,0.045272
46.680,0.085540
46.690,0.099268
46.700,0.092994
46.710,0.053520
46.720,0.075869
46.730,0.109508
46.740,0.138457
46.750,0.122104
46.760,0.056390
46.770,0.010116
46.780,0.007673
46.790,-0.022711
46.800,-0.043724
46.810,-0.119116
46.820,-0.171740
46.830,-0.179085
46.840,-0.148627
46.850,-0.098918
46.860,-0.099119
46.870,-0.109242
46.880,-0.069337
46.890,-0.016140
46.900,0.034079
46.910,0.041772
46.920,0.042023
46.930,0.033283
46.940,0.057428
46.950,0.062011
46.960,0.061265
46.970,0.013382
46.980,0.008366
46.990,0.016606
47.000,0.059614
47.010,0.091230
47.020,0.097329
47.030,0.095682
47.040,0.139528
47.050,0.182196
47.060,0.247887
47.070,0.247882
47.080,0.204558
47.090,0.172959
47.100,0.177375
47.110,0.185615
47.120,0.140867
47.130,0.091979
47.140,0.032645
47.150,0.002597
47.160,-0.010141
47.170,-0.012735
47.180,-0.004373
47.190,-0.027036
47.200,-0.042627
47.210,0.005353
47.220,0.034344
47.230,0.028617
47.240,0.009791
47.250,-0.034227
47.260,-0.019876
47.270,-0.002429
47.280,-0.040709
47.290,-0.074485
47.300,-0.155426
47.310,-0.140841
47.320,-0.120111
47.330,-0.066346
47.340,-0.087826
47.350,-0.097294
47.360,-0.041783
47.370,-0.003406
47.380,0.086667
47.390,0.107154
47.400,0.125828
47.410,0.110941
47.420,0.146373
47.430,0.169205
47.440,0.157845
47.450,0.106869
47.460,0.101874
47.470,0.077556
47.480,0.087862
47.490,0.115742
47.500,0.119136
47.510,0.075081
47.520,0.121644
47.530,0.142498
47.540,0.188388
47.550,0.213555
47.560,0.174423
47.570,0.133872
47.580,0.149691
47.590,0.148678
47.600,0.127498
47.610,0.038801
47.620,-0.036619
47.630,-0.057070
47.640,-0.069496
47.650,-0.088415
47.660,-0.099685
47.670,-0.121309
47.680,-0.135948
47.690,-0.073986
47.700,-0.040656
47.710,-0.016959
47.720,-0.045281
47.730,-0.047133
47.740,-0.022122
47.750,0.015934
47.760,0.014387
47.770,-0.014354
47.780,-0.090764
47.790,-0.078752
47.800,-0.054008
47.810,-0.035701
47.820,-0.024398
47.830,-0.039717
47.840,-0.006523
47.850,0.049396
47.860,0.130810
47.870,0.157037
47.880,0.182693
47.890,0.175813
47.900,0.216095
47.910,0.231747
47.920,0.231053
47.930,0.194546
47.940,0.131415
47.950,0.096175
47.960,0.109538
47.970,0.109914
47.980,0.076344
47.990,0.037970
48.000,0.018275
48.010,0.058269
48.020,0.084366
48.030,0.126144
48.040,0.085827
48.050,0.070146
48.060,0.050944
48.070,0.081421
48.080,0.064171
48.090,0.019430
48.100,-0.050923
48.110,-0.116019
48.120,-0.091751
48.130,-0.118281
48.140,-0.114608
48.150,-0.163801
48.160,-0.180228
48.170,-0.118409
48.180,-0.063493
48.190,-0.036050
48.200,-0.027579
48.210,-0.009122
48.220,0.007481
48.230,0.063003
48.240,0.114665
48.250,0.067859
48.260,0.041222
48.270,0.028782
48.280,0.054018
48.290,0.074462
48.300,0.033145
48.310,0.030264
48.320,0.048322
48.330,0.074033
48.340,0.163055
48.350,0.184296
48.360,0.170907
48.370,0.185657
48.380,0.221453
48.390,0.230454
48.400,0.250255
48.410,0.194515
48.420,0.133429
48.430,0.096654
48.440,0.088138
48.450,0.074968
48.460,0.033122
48.470,-0.002700
48.480,-0.071490
48.490,-0.066257
48.500,-0.006325
48.510,0.005448
48.520,-0.026751
48.530,-0.011863
48.540,-0.023352
48.550,0.002270
48.560,0.032064
48.570,0.001114
48.580,-0.035758
48.590,-0.107044
48.600,-0.101956
48.610,-0.084316
48.620,-0.104437
48.630,-0.135986
48.640,-0.153069
48.650,-0.123580
48.660,-0.048185
48.670,0.010657
48.680,0.027910
48.690,0.027518
48.700,0.082641
48.710,0.144386
48.720,0.176330
48.730,0.171063
48.740,0.141377
48.750,0.150917
48.760,0.135635
48.770,0.137232
48.780,0.125647
48.790,0.079130
48.800,0.071520
48.810,0.057847
48.820,0.112649
48.830,0.157937
48.840,0.146495
48.850,0.129969
48.860,0.151638
48.870,0.166283
48.880,0.198252
48.890,0.150073
48.900,0.086885
48.910,0.057212
48.920,0.026723
48.930,0.017315
48.940,-0.015535
48.950,-0.097798
48.960,-0.127478
48.970,-0.109307
48.980,-0.101634
48.990,-0.068822
49.000,-0.077368
49.010,-0.105689
49.020,-0.082141
49.030,-0.016478
49.040,-0.000171
49.050,0.016029
49.060,-0.015134
49.070,-0.032014
49.080,-0.019713
49.090,0.007014
49.100,-0.020746
49.110,-0.039511
49.120,-0.067877
49.130,-0.041864
49.140,0.007949
49.150,0.064473
49.160,0.062572
49.170,0.088065
49.180,0.131531
49.190,0.178478
49.200,0.225192
49.210,0.229356
49.220,0.205090
49.230,0.185277
49.240,0.192915
49.250,0.207197
49.260,0.175376
49.270,0.101897
49.280,0.045183
49.290,0.029527
49.300,0.072971
49.310,0.082166
49.320,0.056619
49.330,0.035082
49.340,0.042998
49.350,0.054810
49.360,0.106600
49.370,0.093078
49.380,0.039165
49.390,-0.010563
49.400,-0.009969
49.410,-0.010022
49.420,-0.030074
49.430,-0.099616
49.440,-0.155081
49.450,-0.166521
49.460,-0.148662
49.470,-0.113566
49.480,-0.121743
49.490,-0.110430
49.500,-0.066775
49.510,-0.001143
49.520,0.057633
49.530,0.067776
49.540,0.064136
49.550,0.044955
49.560,0.049602
49.570,0.097805
49.580,0.092393
49.590,0.036282
49.600,0.015370
49.610,0.003381
49.620,0.063435
49.630,0.113499
49.640,0.098348
49.650,0.114233
49.660,0.128205
49.670,0.175214
49.680,0.214929
49.690,0.247305
49.700,0.216253
49.710,0.166489
49.720,0.174234
49.730,0.190494
49.740,0.139443
49.750,0.081859
49.760,-0.009726
49.770,-0.027968
49.780,-0.005560
49.790,-0.023087
49.800,-0.050543
49.810,-0.080437
49.820,-0.068282
49.830,-0.040723
49.840,0.014601
49.850,0.024770
49.860,0.005049
49.870,-0.038759
49.880,-0.013433
49.890,-0.010093
49.900,-0.032761
49.910,-0.075108
49.920,-0.113327
49.930,-0.121707
49.940,-0.100047
49.950,-0.080021
49.960,-0.067040
49.970,-0.075408
49.980,-0.045827
49.990,0.024500
50.000,0.112603
50.010,0.117624
50.020,0.128906
50.030,0.119676
50.040,0.166074
50.050,0.201415
50.060,0.204080
50.070,0.145466
50.080,0.101898
50.090,0.094820
50.100,0.107440
50.110,0.123331
50.120,0.108133
50.130,0.083972
50.140,0.083509
50.150,0.130884
50.160,0.157253
50.170,0.177128
50.180,0.140391
50.190,0.124915
50.200,0.115900
50.210,0.134435
50.220,0.116718
50.230,0.025035
50.240,-0.043854
50.250,-0.072122
50.260,-0.064041
50.270,-0.072836
50.280,-0.103021
50.290,-0.142443
50.300,-0.148389
50.310,-0.097487
50.320,-0.042052
50.330,-0.020756
50.340,-0.036084
50.350,-0.051922
50.360,-0.020845
50.370,0.019786
50.380,0.019972
50.390,0.001871
50.400,-0.058344
50.410,-0.057648
50.420,-0.025870
50.430,0.005017
50.440,-0.001057
50.450,-0.002726
50.460,-0.003648
50.470,0.054653
50.480,0.144959
50.490,0.165564
50.500,0.176920
50.510,0.162141
50.520,0.216709
50.530,0.247702
50.540,0.236794
50.550,0.183768
50.560,0.144391
50.570,0.110699
50.580,0.117932
50.590,0.122102
50.600,0.074105
50.610,0.023600
50.620,0.004143
50.630,0.028089
50.640,0.056778
50.650,0.073765
50.660,0.059976
50.670,0.021098
50.680,0.029010
50.690,0.073579
50.700,0.047356
50.710,0.011216
50.720,-0.052118
50.730,-0.101890
50.740,-0.096337
50.750,-0.105132
50.760,-0.135562
50.770,-0.163125
50.780,-0.167452
50.790,-0.124727
50.800,-0.062099
50.810,-0.025715
50.820,-0.001470
50.830,-0.004958
50.840,0.030944
50.850,0.098922
50.860,0.108788
50.870,0.102149
50.880,0.080301
50.890,0.051798
50.900,0.083500
50.910,0.085786
50.920,0.073287
50.930,0.048840
50.940,0.039958
50.950,0.081548
50.960,0.139422
50.970,0.186687
50.980,0.182266
50.990,0.170876
51.000,0.185725
51.010,0.260751
51.020,0.235451
51.030,0.211691
51.040,0.121297
51.050,0.079858
51.060,0.084778
51.070,0.048184
51.080,0.006369
51.090,-0.044231
51.100,-0.088632
51.110,-0.074517
51.120,-0.035468
51.130,-0.011460
51.140,-0.031938
51.150,-0.045406
51.160,-0.019115
51.170,0.019428
51.180,0.019684
51.190,-0.021880
51.200,-0.062596
51.210,-0.070821
51.220,-0.081584
51.230,-0.073856
51.240,-0.087870
51.250,-0.102590
51.260,-0.130640
51.270,-0.099249
51.280,-0.039199
51.290,0.004614
51.300,0.061259
51.310,0.046932
51.320,0.092150
51.330,0.151987
51.340,0.209917
51.350,0.185074
51.360,0.142932
51.370,0.136793
51.380,0.154889
51.390,0.184149
51.400,0.138824
51.410,0.083669
51.420,0.058641
51.430,0.065774
51.440,0.104440
51.450,0.135709
51.460,0.127887
51.470,0.103098
51.480,0.133548
51.490,0.157248
51.500,0.176513
51.510,0.140453
51.520,0.089807
51.530,0.043402
51.540,0.029195
51.550,0.001768
51.560,-0.025176
51.570,-0.102792
51.580,-0.144327
51.590,-0.138248
51.600,-0.098592
51.610,-0.095808
51.620,-0.106913
51.630,-0.100052
51.640,-0.062172
51.650,-0.021754
51.660,0.050158
51.670,0.007668
51.680,0.013731
51.690,-0.005248
51.700,0.009245
51.710,0.010004
51.720,0.022917
51.730,-0.015180
51.740,-0.037439
51.750,-0.030373
51.760,0.022765
51.770,0.081299
51.780,0.085090
51.790,0.085757
51.800,0.117797
51.810,0.192680
51.820,0.226772
51.830,0.249903
51.840,0.214480
51.850,0.172103
51.860,0.192932
51.870,0.203007
51.880,0.162699
51.890,0.083696
51.900,0.035566
51.910,0.036627
51.920,0.033121
51.930,0.051638
51.940,0.047208
51.950,0.007878
51.960,0.010741
51.970,0.062064
51.980,0.099819
51.990,0.075049
52.000,0.012735
52.010,-0.026960
52.020,-0.020651
52.030,-0.036803
52.040,-0.048932
52.050,-0.098603
52.060,-0.185194
52.070,-0.166151
52.080,-0.130537
52.090,-0.112009
52.100,-0.100463
52.110,-0.100262
52.120,-0.062354
52.130,0.022138
52.140,0.062520
52.150,0.074405
52.160,0.063782
52.170,0.057745
52.180,0.100821
52.190,0.125887
52.200,0.124066
52.210,0.082500
52.220,0.059769
52.230,0.056796
52.240,0.090933
52.250,0.102608
52.260,0.105721
52.270,0.086998
52.280,0.113615
52.290,0.174593
52.300,0.210765
52.310,0.224178
52.320,0.221243
52.330,0.170589
52.340,0.153770
52.350,0.157514
52.360,0.137701
52.370,0.077404
52.380,-0.002483
52.390,-0.025302
52.400,-0.028281
52.410,-0.042520
52.420,-0.046757
52.430,-0.093480
52.440,-0.069111
52.450,-0.053525
52.460,-0.004881
52.470,-0.000055
52.480,-0.021344
52.490,-0.033565
52.500,-0.030526
52.510,0.002733
52.520,-0.014097
52.530,-0.048328
52.540,-0.110641
52.550,-0.107046
52.560,-0.079505
52.570,-0.064586
52.580,-0.034258
52.590,-0.048220
52.600,-0.030066
52.610,0.030757
52.620,0.105322
52.630,0.142321
52.640,0.148777
52.650,0.136281
52.660,0.175162
52.670,0.202223
52.680,0.226242
52.690,0.175205
52.700,0.133210
52.710,0.120760
52.720,0.114668
52.730,0.140229
52.740,0.104820
52.750,0.076956
52.760,0.058716
52.770,0.106560
52.780,0.164255
52.790,0.164778
52.800,0.129550
52.810,0.106131
52.820,0.097338
52.830,0.106294
52.840,0.077108
52.850,0.039106
52.860,-0.033957
52.870,-0.086438
52.880,-0.102748
52.890,-0.093459
52.900,-0.097266
52.910,-0.165679
52.920,-0.160356
52.930,-0.117147
52.940,-0.047247
52.950,-0.038562
52.960,-0.025948
52.970,-0.038059
52.980,-0.005642
52.990,0.026749
53.000,0.058085
53.010,0.019013
53.020,-0.022964
53.030,-0.017343
53.040,-0.001221
53.050,0.043870
53.060,0.022085
53.070,0.003697
53.080,0.016586
53.090,0.098942
53.100,0.153060
53.110,0.177617
53.120,0.187332
53.130,0.178991
53.140,0.215573
53.150,0.239080
53.160,0.243495
53.170,0.210801
53.180,0.158377
53.190,0.115581
53.200,0.108559
53.210,0.095194
53.220,0.035336
53.230,0.007519
53.240,-0.017355
53.250,0.010643
53.260,0.060970
53.270,0.064163
53.280,0.018881
53.290,0.015392
53.300,0.019940
53.310,0.052894
53.320,0.043715
53.330,-0.020474
53.340,-0.073131
53.350,-0.104295
53.360,-0.123080
53.370,-0.100516
53.380,-0.124097
53.390,-0.145705
53.400,-0.165153
53.410,-0.129032
53.420,-0.059931
53.430,-0.014689
53.440,0.007458
53.450,-0.000444
53.460,0.026858
53.470,0.135349
53.480,0.148848
53.490,0.128541
53.500,0.117014
53.510,0.065482
53.520,0.084874
53.530,0.105340
53.540,0.101798
53.550,0.059445
53.560,0.060638
53.570,0.082338
53.580,0.153166
53.590,0.176837
53.600,0.152880
53.610,0.161754
53.620,0.168992
53.630,0.214355
53.640,0.226417
53.650,0.211071
53.660,0.121784
53.670,0.060634
53.680,0.061608
53.690,0.034515
53.700,0.021775
53.710,-0.052581
53.720,-0.084912
53.730,-0.098214
53.740,-0.071077
53.750,-0.039325
53.760,-0.067517
53.770,-0.075593
53.780,-0.054561
53.790,-0.005825
53.800,0.004906
53.810,-0.020210
53.820,-0.028769
53.830,-0.074675
53.840,-0.063733
53.850,-0.043226
53.860,-0.059494
53.870,-0.105933
53.880,-0.118679
53.890,-0.064753
53.900,-0.006611
53.910,0.035897
53.920,0.062633
53.930,0.040392
53.940,0.103721
53.950,0.164948
53.960,0.194616
53.970,0.216031
53.980,0.186786
53.990,0.161777
54.000,0.147369
54.010,0.171302
54.020,0.151138
54.030,0.094735
54.040,0.062131
54.050,0.070175
54.060,0.112917
54.070,0.119851
54.080,0.131840
54.090,0.089436
54.100,0.101058
54.110,0.141904
54.120,0.153305
54.130,0.124717
54.140,0.083956
54.150,0.004239
54.160,-0.007383
54.170,0.021334
54.180,-0.031831
54.190,-0.098829
54.200,-0.150817
54.210,-0.153225
54.220,-0.134230
54.230,-0.103578
54.240,-0.113567
54.250,-0.095302
54.260,-0.071494
54.270,-0.015709
54.280,0.035836
54.290,0.037897
54.300,0.004613
54.310,0.021462
54.320,0.028186
54.330,0.042488
54.340,0.042863
54.350,0.013081
54.360,-0.014114
54.370,-0.002001
54.380,0.049039
54.390,0.078498
54.400,0.105276
54.410,0.105605
54.420,0.139043
54.430,0.178141
54.440,0.248698
54.450,0.253865
54.460,0.224336
54.470,0.163334
54.480,0.169817
54.490,0.193227
54.500,0.148867
54.510,0.096645
54.520,0.031534
54.530,0.022143
54.540,0.021074
54.550,0.022282
54.560,0.016769
54.570,-0.018408
54.580,-0.023209
54.590,0.006600
54.600,0.092219
54.610,0.048923
54.620,0.010021
54.630,-0.040608
54.640,-0.034593
54.650,-0.021842
54.660,-0.041838
54.670,-0.094040
54.680,-0.159893
54.690,-0.154073
54.700,-0.117023
54.710,-0.106118
54.720,-0.098552
54.730,-0.117118
54.740,-0.074732
54.750,-0.011382
54.760,0.077492
54.770,0.097403
54.780,0.109890
54.790,0.093689
54.800,0.124813
54.810,0.152282
54.820,0.147205
54.830,0.094402
54.840,0.081926
54.850,0.060618
54.860,0.072206
54.870,0.109429
54.880,0.099098
54.890,0.108566
54.900,0.121979
54.910,0.176809
54.920,0.231903
54.930,0.210840
54.940,0.168907
54.950,0.150061
54.960,0.160366
54.970,0.130353
54.980,0.121996
54.990,0.067515
55.000,-0.022348
55.010,-0.050335
55.020,-0.058395
55.030,-0.032003
55.040,-0.056466
55.050,-0.119983
55.060,-0.118429
55.070,-0.066978
55.080,-0.013376
55.090,-0.001727
55.100,-0.017860
55.110,-0.029073
55.120,-0.012420
55.130,0.019572
55.140,-0.001351
55.150,-0.049732
55.160,-0.091176
55.170,-0.076523
55.180,-0.063352
55.190,-0.036559
55.200,-0.027462
55.210,-0.034275
55.220,0.002468
55.230,0.035992
55.240,0.120029
55.250,0.165262
55.260,0.169116
55.270,0.158603
55.280,0.172558
55.290,0.220931
55.300,0.218607
55.310,0.182134
55.320,0.140404
55.330,0.111481
55.340,0.100103
55.350,0.109651
55.360,0.095997
55.370,0.069965
55.380,0.049298
55.390,0.085337
55.400,0.109826
55.410,0.131044
55.420,0.102690
55.430,0.086760
55.440,0.082107
55.450,0.087162
55.460,0.067654
55.470,0.020926
55.480,-0.059542
55.490,-0.081496
55.500,-0.095812
55.510,-0.101355
55.520,-0.114891
55.530,-0.171866
55.540,-0.153909
55.550,-0.127939
55.560,-0.053358
55.570,-0.034117
55.580,-0.035113
55.590,-0.041690
55.600,0.009525
55.610,0.060005
55.620,0.059723
55.630,0.068034
55.640,0.009961
55.650,-0.013828
55.660,0.040135
55.670,0.038757
55.680,0.053551
55.690,-0.009857
55.700,0.048839
55.710,0.079476
55.720,0.143783
55.730,0.185936
55.740,0.173347
55.750,0.193521
55.760,0.211904
55.770,0.245956
55.780,0.242856
55.790,0.194484
55.800,0.147145
55.810,0.110806
55.820,0.094196
55.830,0.081463
55.840,0.040056
55.850,-0.001591
55.860,-0.023248
55.870,-0.023196
55.880,0.006305
55.890,0.054922
55.900,-0.004683
55.910,-0.005097
55.920,0.001135
55.930,0.043709
55.940,0.033617
55.950,-0.021684
55.960,-0.074930
55.970,-0.096868
55.980,-0.097841
55.990,-0.099180
56.000,-0.118389
56.010,-0.163969
56.020,-0.172094
56.030,-0.123420
56.040,-0.059578
56.050,-0.008072
56.060,-0.003929
56.070,0.037607
56.080,0.045491
56.090,0.133344
56.100,0.167715
56.110,0.168684
56.120,0.132082
56.130,0.087411
56.140,0.118292
56.150,0.137098
56.160,0.123041
56.170,0.081013
56.180,0.051844
56.190,0.097529
56.200,0.132236
56.210,0.157553
56.220,0.159719
56.230,0.143187
56.240,0.157514
56.250,0.200893
56.260,0.239373
56.270,0.179872
56.280,0.114116
56.290,0.060863
56.300,0.051810
56.310,0.021661
56.320,-0.004496
56.330,-0.071260
56.340,-0.117133
56.350,-0.109142
56.360,-0.083093
56.370,-0.054595
56.380,-0.064830
56.390,-0.074526
56.400,-0.058382
56.410,-0.002097
56.420,0.018376
56.430,0.020771
56.440,-0.032306
56.450,-0.040511
56.460,-0.041122
56.470,-0.028851
56.480,-0.051634
56.490,-0.070334
56.500,-0.090474
56.510,-0.063936
56.520,-0.000691
56.530,0.043315
56.540,0.049296
56.550,0.059201
56.560,0.119254
56.570,0.180182
56.580,0.242187
56.590,0.247657
56.600,0.203603
56.610,0.179146
56.620,0.182865
56.630,0.183841
56.640,0.149227
56.650,0.072780
56.660,0.063441
56.670,0.060721
56.680,0.083074
56.690,0.099650
56.700,0.093237
56.710,0.072388
56.720,0.074086
56.730,0.105764
56.740,0.137540
56.750,0.117672
56.760,0.078821
56.770,0.003784
56.780,0.004887
56.790,-0.017058
56.800,-0.049484
56.810,-0.084577
56.820,-0.163308
56.830,-0.164017
56.840,-0.137462
56.850,-0.097524
56.860,-0.111320
56.870,-0.126637
56.880,-0.077400
56.890,-0.007257
56.900,0.039396
56.910,0.054725
56.920,0.027934
56.930,0.016239
56.940,0.045630
56.950,0.058844
56.960,0.060097
56.970,0.017096
56.980,-0.004825
56.990,0.018289
57.000,0.054689
57.010,0.103513
57.020,0.102993
57.030,0.098375
57.040,0.119852
57.050,0.189882
57.060,0.227541
57.070,0.253188
57.080,0.201017
57.090,0.173273
57.100,0.176625
57.110,0.169085
57.120,0.155000
57.130,0.078115
57.140,0.016928
57.150,0.003839
57.160,-0.015871
57.170,0.008180
57.180,-0.009065
57.190,-0.031042
57.200,-0.037085
57.210,-0.006465
57.220,0.046837
57.230,0.044679
57.240,0.022946
57.250,-0.006440
57.260,-0.030168
57.270,-0.005137
57.280,-0.037095
57.290,-0.103232
57.300,-0.134925
57.310,-0.136255
57.320,-0.144095
57.330,-0.077843
57.340,-0.096512
57.350,-0.072647
57.360,-0.055221
57.370,0.013576
57.380,0.096869
57.390,0.111558
57.400,0.133845
57.410,0.102332
57.420,0.131914
57.430,0.158654
57.440,0.174547
57.450,0.127743
57.460,0.092523
57.470,0.086676
57.480,0.107663
57.490,0.130108
57.500,0.120669
57.510,0.089164
57.520,0.091612
57.530,0.134998
57.540,0.199802
57.550,0.195384
57.560,0.162424
57.570,0.135254
57.580,0.138343
57.590,0.146553
57.600,0.113671
57.610,0.037389
57.620,-0.019911
57.630,-0.086278
57.640,-0.068598
57.650,-0.056448
57.660,-0.091293
57.670,-0.115552
57.680,-0.127856
57.690,-0.081015
57.700,-0.035431
57.710,-0.020648
57.720,-0.025476
57.730,-0.029477
57.740,-0.040744
57.750,0.001504
57.760,-0.009337
57.770,-0.034931
57.780,-0.082673
57.790,-0.084415
57.800,-0.056120
57.810,-0.016027
57.820,-0.011926
57.830,-0.041121
57.840,-0.016482
57.850,0.058601
57.860,0.118520
57.870,0.161307
57.880,0.150393
57.890,0.178626
57.900,0.200281
57.910,0.222568
57.920,0.221833
57.930,0.181607
57.940,0.139870
57.950,0.100911
57.960,0.096202
57.970,0.106532
57.980,0.090946
57.990,0.053953
58.000,0.041109
58.010,0.057570
58.020,0.099966
58.030,0.111724
58.040,0.091924
58.050,0.066349
58.060,0.052763
58.070,0.070094
58.080,0.061206
58.090,0.016453
58.100,-0.065215
58.110,-0.107810
58.120,-0.093178
58.130,-0.088763
58.140,-0.137627
58.150,-0.165005
58.160,-0.156786
58.170,-0.129889
58.180,-0.054830
58.190,-0.040894
58.200,-0.022733
58.210,-0.007528
58.220,0.036524
58.230,0.081020
58.240,0.079234
58.250,0.059566
58.260,0.028305
58.270,0.032401
58.280,0.051464
58.290,0.076359
58.300,0.065162
58.310,0.028927
58.320,0.032220
58.330,0.072514
58.340,0.152869
58.350,0.168553
58.360,0.183420
58.370,0.182095
58.380,0.214076
58.390,0.229004
58.400,0.248318
58.410,0.192788
58.420,0.149372
58.430,0.091396
58.440,0.079437
58.450,0.061308
58.460,0.024394
58.470,-0.033929
58.480,-0.067233
58.490,-0.036143
58.500,-0.022441
58.510,0.005620
58.520,-0.004188
58.530,-0.041183
58.540,-0.038613
58.550,0.020834
58.560,0.010592
58.570,-0.013675
58.580,-0.060895
58.590,-0.089216
58.600,-0.092268
58.610,-0.089134
58.620,-0.090342
58.630,-0.133384
58.640,-0.126780
58.650,-0.117474
58.660,-0.045015
58.670,0.002660
58.680,0.025029
58.690,0.036080
58.700,0.077062
58.710,0.159726
58.720,0.179284
58.730,0.178686
58.740,0.142433
58.750,0.116123
58.760,0.141135
58.770,0.126878
58.780,0.138483
58.790,0.068584
58.800,0.056445
58.810,0.080290
58.820,0.118308
58.830,0.143872
58.840,0.154032
58.850,0.153572
58.860,0.154560
58.870,0.180946
58.880,0.187803
58.890,0.153398
58.900,0.111738
58.910,0.060855
58.920,0.047769
58.930,0.030706
58.940,-0.008801
58.950,-0.093737
58.960,-0.142032
58.970,-0.142705
58.980,-0.100332
58.990,-0.080914
59.000,-0.084488
59.010,-0.105541
59.020,-0.067038
59.030,-0.008814
59.040,0.021719
59.050,-0.012194
59.060,-0.018463
59.070,-0.040860
59.080,-0.015471
59.090,-0.008588
59.100,-0.011476
59.110,-0.057590
59.120,-0.070457
59.130,-0.037899
59.140,0.006241
59.150,0.057383
59.160,0.071278
59.170,0.086354
59.180,0.118467
59.190,0.189499
59.200,0.215786
59.210,0.234113
59.220,0.213280
59.230,0.187794
59.240,0.173746
59.250,0.179359
59.260,0.162359
59.270,0.102155
59.280,0.053195
59.290,0.041778
59.300,0.065106
59.310,0.086768
59.320,0.049459
59.330,0.022216
59.340,0.053746
59.350,0.072613
59.360,0.113479
59.370,0.082346
59.380,0.028706
59.390,0.015114
59.400,-0.011761
59.410,-0.029662
59.420,-0.051155
59.430,-0.112728
59.440,-0.163867
59.450,-0.165018
59.460,-0.147386
59.470,-0.112382
59.480,-0.104095
59.490,-0.103899
59.500,-0.077438
59.510,-0.020541
59.520,0.027928
59.530,0.081505
59.540,0.042123
59.550,0.042431
59.560,0.068839
59.570,0.100154
59.580,0.091032
59.590,0.045011
59.600,0.019619
59.610,0.048223
59.620,0.092659
59.630,0.098334
59.640,0.110662
59.650,0.082685
59.660,0.127342
59.670,0.189184
59.680,0.229223
59.690,0.257301
59.700,0.217647
59.710,0.187058
59.720,0.151638
59.730,0.172493
59.740,0.153516
59.750,0.072310
59.760,-0.008230
59.770,-0.025034
59.780,0.001737
59.790,-0.004887
59.800,-0.027842
59.810,-0.064968
59.820,-0.048834
59.830,-0.053417
59.840,0.003199
59.850,0.037812
59.860,-0.000464
59.870,-0.032801
59.880,-0.033756
59.890,-0.034478
59.900,-0.035328
59.910,-0.082313
59.920,-0.138511
59.930,-0.123573
59.940,-0.097871
59.950,-0.082440
59.960,-0.066937
59.970,-0.078532
59.980,-0.045323
59.990,0.016545
